{"user_id":"AGNUgVwnZUey3gcPCJ76iw","business_id":"3uLgwr0qeCNMjKenHJwPGQ","text":"Avengers time with the ladies.","date":"2012-05-18 02:17:21","compliment_count":0}
{"user_id":"NBN4MgHP9D3cw--SnauTkA","business_id":"QoezRbYQncpRqyrLH6Iqjg","text":"They have lots of good deserts and tasty cuban sandwiches","date":"2013-02-05 18:35:10","compliment_count":0}
{"user_id":"-copOvldyKh1qr-vzkDEvw","business_id":"MYoRNLb5chwjQe3c_k37Gg","text":"It's open even when you think it isn't","date":"2013-08-18 00:56:08","compliment_count":0}
{"user_id":"FjMQVZjSqY8syIO-53KFKw","business_id":"hV-bABTK-glh5wj31ps_Jw","text":"Very decent fried chicken","date":"2017-06-27 23:05:38","compliment_count":0}
{"user_id":"ld0AperBXk1h6UbqmM80zw","business_id":"_uN0OudeJ3Zl_tf6nxg5ww","text":"Appetizers.. platter special for lunch","date":"2012-10-06 19:43:09","compliment_count":0}
{"user_id":"trf3Qcz8qvCDKXiTgjUcEg","business_id":"7Rm9Ba50bw23KTA8RedZYg","text":"Chili Cup + Single Cheeseburger with onion, pickle, and relish + Vanilla Coca-Cola...so far.","date":"2012-03-13 04:00:52","compliment_count":0}
{"user_id":"SMGAlRjyfuYu-c-22zIyOg","business_id":"kH-0iXqkL7b8UXNpguBMKg","text":"Saturday, Dec 7th 2013, ride Patco's Silver Sleigh w\/ Santa & his elves on a decorated train into Center City. Trains leave from Lindenwold at 10am, 11:15am, & 12:30pm, and make all stops. Great for kids!","date":"2013-12-03 23:42:15","compliment_count":0}
{"user_id":"YVBB9g23nuVJ0u44zK0pSA","business_id":"jtri188kuhe_AuEOJ51U_A","text":"This is probably the best place in the cool Springs area to watch a game and eat","date":"2016-11-22 22:14:58","compliment_count":0}
{"user_id":"VL12EhEdT4OWqGq0nIqkzw","business_id":"xODBZmX4EmlVvbqtKN7YKg","text":"Tacos","date":"2012-07-27 01:48:24","compliment_count":0}
{"user_id":"4ay-fdVks5WMerYL_htkGQ","business_id":"pICJRcyqW1cF96Q3XhLSbw","text":"Starbucks substitute in boring downtown Tampa. Ugh. Never again!","date":"2012-06-09 22:57:04","compliment_count":0}
{"user_id":"OttfcRxgRrYsTg9EV5Aozg","business_id":"clwjLY7PdYJpe7IP9lrqEw","text":"Order the Tortilla Soup","date":"2014-06-17 01:20:14","compliment_count":0}
{"user_id":"JsXhBw6MntzTJjH_Ue5udw","business_id":"wLHodvVFLTgK3nl2XG8OCw","text":"Very good will definitely be coming back!!","date":"2017-03-23 22:01:41","compliment_count":0}
{"user_id":"Y0JfJh4B-jrtGc_AHfWi6w","business_id":"wUMuvdUeVZODZk7TjaD2jg","text":"If the Hotlight is on you must stop in.","date":"2013-02-28 02:05:54","compliment_count":0}
{"user_id":"MlnuJ7T14CE0JDK2ZIOx5g","business_id":"MDr7KLYSPkEonvGojNEMBw","text":"Let's go Yankees!","date":"2011-07-20 21:52:57","compliment_count":0}
{"user_id":"ffWWVlmsrN5lZ6sjAE-vTw","business_id":"aK6R2akvIK9ijw3FvDy8vw","text":"Basically same food as rally's for $5 more","date":"2014-06-12 17:34:20","compliment_count":0}
{"user_id":"j2sEA3hiUcwHfq9Ml6M47g","business_id":"EXYbKA1tocvOK_1tXxZXLA","text":"Don't go for dinner. They close at 6. Really Yvonne L? Negative stars for a restaurant where you you didn't and never intended to eat?","date":"2011-10-13 03:15:15","compliment_count":0}
{"user_id":"jsaN4TDygu76AGTiB3PpBA","business_id":"H9fkf4Xkj_j7Zxs1FmY58Q","text":"30 mins for take out. Right right tight","date":"2012-03-11 23:16:12","compliment_count":0}
{"user_id":"kjFgyrCvmVVGSlgWzRXILw","business_id":"ReX09lhufLTAx19krkltDA","text":"Got the grilled chicken entree. It was delicious but was a small portion. I like the environment here, for sure, though.","date":"2013-06-10 20:18:41","compliment_count":0}
{"user_id":"I6aRZ4sE7ixv0_2r3-XvGw","business_id":"c5nLy7YgXG-IIrOmqJv1nA","text":"This is the bomb ! I love this dish. Try it you'll like it !lol","date":"2016-04-23 02:44:03","compliment_count":0}
{"user_id":"Ll5l4WTKPH7zWQWA68Rhdw","business_id":"LJaR65ALpz261_dlVWqV2g","text":"Helping Mona find a new phone.","date":"2012-06-02 14:39:28","compliment_count":0}
{"user_id":"FQ-zmWPEG_pjSQx6pt3Efw","business_id":"3ZynJ94VpIdDlaArmEp2Rg","text":"Yes, I'm eating here again. Breakfast!","date":"2012-10-12 15:16:13","compliment_count":0}
{"user_id":"1viszljzsa8W7VnYPuWosw","business_id":"Zg83olSjsdXAhE5EEy5IcQ","text":"Order crispy and they bake it up good.","date":"2018-04-01 01:40:12","compliment_count":0}
{"user_id":"phKNHTaokisQkZ7qQbxryA","business_id":"pWuoHHu0LuVrD0HjadDygg","text":"Crepes please!!!","date":"2010-11-21 20:52:49","compliment_count":0}
{"user_id":"Ba1I_wRHRQzvuyFU4PwPrw","business_id":"ZhCnKe7U1TsHWnAlXl8Isw","text":"The pimento cheese tastes great and is a large portion for a starter - great for sharing!  The fried pickles are also awesome!","date":"2016-05-02 17:59:57","compliment_count":0}
{"user_id":"tA1U-XSh9woo73eQmWGyAQ","business_id":"xHwvbm1SJwtaZtOZzFQcmQ","text":"If you haven't  been here in a good while or if you are used to the same place on the west coast called, Carl Jr. (both are applicable to me), please don't  come here for the turkey burger.  It is no longer on the menu.","date":"2016-06-11 23:18:23","compliment_count":1}
{"user_id":"bjX58cooXPxdNfR0GZ6r9Q","business_id":"M1hsyjJDdQQeNP164FJ1pA","text":"Everything is yummy!","date":"2013-08-19 18:25:30","compliment_count":0}
{"user_id":"VQro7KJpsspqEO68ilIJAw","business_id":"FpwmIq3Gpo6hGIrOOv8lTw","text":"Allow yourself time to wait on your food","date":"2016-01-11 04:07:33","compliment_count":0}
{"user_id":"BC2LVfzoizlY4kJPzi_13Q","business_id":"tkDs-InBqql7rqlAan97vA","text":"Looks like mini burgers, similar to white castle","date":"2012-07-28 14:35:32","compliment_count":0}
{"user_id":"CozGguiwx7JEVk7cAwdvpA","business_id":"ghsaIqQ1xY3cWtWWJ4QW5w","text":"Icky on tap","date":"2010-12-27 20:38:49","compliment_count":0}
{"user_id":"e67fm29pOiQUcPSltCAHVA","business_id":"vaYy-IWyfh1ILji0l2TpzQ","text":"Great breakfast buffet open to the public also ;)","date":"2016-08-01 12:15:51","compliment_count":0}
{"user_id":"jDThlALkraoQLLBYHqY7FQ","business_id":"9DJhhBqQSu-gTBwaqdhgpQ","text":"Come early for the best service as they fill up really quickly.","date":"2016-01-16 19:13:57","compliment_count":0}
{"user_id":"fjpoZaeM1QRueYLl9FSLiQ","business_id":"8YJtf5v76SIz-4udyF4YmA","text":"This place had great coffee but the owner sold it so it not there anymore.","date":"2017-09-23 16:08:24","compliment_count":0}
{"user_id":"M0Hgcpkd5MxOaxLB3ELhXA","business_id":"IiJ744MOUKmRYAgNFkcs0g","text":"Great Pancakes!!!!!!","date":"2014-04-05 15:47:36","compliment_count":0}
{"user_id":"kfiBpwAZFxAo_RcrBmQjbA","business_id":"UNtta3w643ZWsJ7JDxhC9g","text":"Taking the free shuttle to the cards game!!!","date":"2010-06-02 23:56:31","compliment_count":0}
{"user_id":"YnlCpuaBa3qWBp4te8pGmA","business_id":"XIKYdKWq72zUYsq8NBxcCQ","text":"The honey glazed salmon is amazing!","date":"2018-01-14 15:00:01","compliment_count":0}
{"user_id":"Pqf7MYeNsSnC8aSOgg-Oxw","business_id":"jSr8KHVtQWgC_S_xNyrG5w","text":"The real fruit juices and smoothies are the best","date":"2017-06-30 02:38:47","compliment_count":0}
{"user_id":"xEM8BRJ4wm_s47Y0nL51MA","business_id":"xv_U__GI9gmzKIHT_TANnw","text":"Best General Tso around. Also, try the grilled sweet pork, ask for extra sauce.","date":"2011-07-30 22:54:31","compliment_count":0}
{"user_id":"IE0f4Mt6rfEw26pn598doA","business_id":"aPD0HkuA7MXNhZZqXiGF4g","text":"Great fish and chips!!","date":"2017-09-30 22:39:11","compliment_count":0}
{"user_id":"_YBX0Fy9pI0ktOQ9RtFhAg","business_id":"nzqx3NJ1Yf-1bugLNikSCg","text":"Hours are incorrect on Yelp. They close at 3PM on Saturdays.","date":"2016-07-30 20:44:04","compliment_count":0}
{"user_id":"9C_h-H1Z7Xz7dvbgsBrnSg","business_id":"wuoYvojFNWuRrUO2UyM47Q","text":"Slowest gas attendants ever","date":"2011-08-07 23:43:48","compliment_count":0}
{"user_id":"q4twMHnYmRmKRxdVDYakbQ","business_id":"u3Z7X2T7ssWO9qvMRNcsOA","text":"Great place for breakfast!","date":"2011-12-25 14:23:53","compliment_count":0}
{"user_id":"XJDLaoN1PerKw2woiKeepA","business_id":"t0zwddmbOGQOADrAxEPHQQ","text":"Come by for some Jelly Bean sours this weekend!","date":"2018-03-31 20:57:38","compliment_count":0}
{"user_id":"VECuzTUvA3FvaqSUrdXIMg","business_id":"TghRoAMx43V-9l7mH-SENg","text":"Best Mahi fish tacos blackened I have ever had. Great atmosphere and cocktails.","date":"2016-04-18 23:24:33","compliment_count":0}
{"user_id":"nZB33t0RFtq_jTxJJJ6wfA","business_id":"RNzhLU8zy1L5dBkjRK4xEA","text":"Best steak tartare ever","date":"2010-11-28 23:09:49","compliment_count":0}
{"user_id":"dDlGamr9iLPdbfwDWvmbMw","business_id":"wUZXm4KN2wIqlfkvXVZXUw","text":"Drews Brews = yum!","date":"2010-04-27 20:03:08","compliment_count":0}
{"user_id":"BrobnxoTkPml180NhXl6kw","business_id":"zjLT8ELDYxxknQ9ZLrl6_w","text":"Call ahead of time to make sure there isn't a wait.","date":"2017-03-18 18:22:28","compliment_count":0}
{"user_id":"evVjF1TOaNwuUK7oY2k53w","business_id":"5yjHCLzwHgjKNNHgAaUC8Q","text":"Jimmy the manager does what he is best at again, thanks to him this place is now my fav","date":"2012-03-28 23:27:41","compliment_count":0}
{"user_id":"VgqlluOAE_wV8oT2tztc_A","business_id":"5do_HLD3bwfYIJq0nOO-PA","text":"Great wings. Awesome onion rings. Enjoyed it very much.","date":"2016-04-19 18:18:59","compliment_count":0}
{"user_id":"Rr4cLb6Go91FT134o6RsKg","business_id":"eMiN8nm70jjKg8izikVWDA","text":"Mmm Yummy Crab Fries!","date":"2011-10-16 23:43:10","compliment_count":0}
{"user_id":"2eC4qmjUNR7-LG8s6t4Ehg","business_id":"JQXKCQPIeoxzy6x119X6mQ","text":"Work lunch","date":"2012-03-15 16:18:19","compliment_count":0}
{"user_id":"nVRi_VJJsYXclAuv5u4Eww","business_id":"zLTzdEg985ZDjjNDqVShoA","text":"Dont go inside cause it stinks of stale greasy carpet.  I guess just drive thru.","date":"2017-07-09 03:09:24","compliment_count":0}
{"user_id":"g-jD73ukXg5c3IKpv_sTyw","business_id":"HgPTy_OGoaxllb2EXkC1sQ","text":"Good peruvian place! For $10 a place, its worth evry bite","date":"2013-05-23 16:34:31","compliment_count":0}
{"user_id":"nhXyjGOCfi-EW09bJqfAzQ","business_id":"1Efad30BdOeqqjX2d6P4sw","text":"You MUST have the popover breakfast!!","date":"2015-05-23 13:33:04","compliment_count":1}
{"user_id":"fJhr0G2JBNkfqpbIwkEQHg","business_id":"eJ77e9lGxY3ArzaoDbHhYw","text":"Good specials, nice menu","date":"2013-02-16 21:34:37","compliment_count":0}
{"user_id":"quW07vsrJxccqBSzczjrpQ","business_id":"HCqmx4ENAZ76SAjoalj-MQ","text":"Bubba's Benedict is a great choice is you want a mountain of breakfast and also have time for a nap later.","date":"2013-02-14 15:49:50","compliment_count":0}
{"user_id":"rSeQlwsBuWzKZYKac7r8Gw","business_id":"UFCN0bYdHroPKu6KV5CJqg","text":"Best lunch\/ happy hour in downtown!!! Kenny rocks!","date":"2016-08-01 20:50:52","compliment_count":0}
{"user_id":"5a7o8Z_jc1pabjavUjWyiQ","business_id":"95d60_mjUg2kLy-bhDLC6w","text":"Pizza with the Heberts!","date":"2012-03-18 23:38:41","compliment_count":0}
{"user_id":"9qZVikoJoqfQK9SBSynAGA","business_id":"l-rGtJt0E7PAklT0IK7oFQ","text":"Great atmosphere... Live music... Excellent drinks.","date":"2014-06-14 04:54:34","compliment_count":0}
{"user_id":"9XhCRgu_v7y-X2v4Av3HPA","business_id":"fgnHM4VT-n1VjFL3YeBJsg","text":"Ordered the pad Thai shrimp and it was good!","date":"2017-08-29 17:12:23","compliment_count":0}
{"user_id":"2CCJdupLxjqxthneSuuScQ","business_id":"tnJT4UUVsrrJQL7wfDe_lQ","text":"Super Spicy Roll!","date":"2010-12-24 16:53:36","compliment_count":0}
{"user_id":"nR9klq6eOdBuA_cSZW3HqQ","business_id":"ot6Qu7MbA_D_b3FTVHoB9Q","text":"Always good for a shoe bargain!","date":"2011-04-06 22:15:02","compliment_count":0}
{"user_id":"ztPinMY7A5o4HteSMyBzdw","business_id":"1lSj24GO6VMJ2uB6hW3pGA","text":"Average, nothing to write home about.","date":"2017-03-17 21:35:00","compliment_count":0}
{"user_id":"BDOCu_rbF75vMK0stzxqkg","business_id":"RiB0e4L-Gx3BJ5qlsa1ZIw","text":"Great market! Beautiful location and easy parking. Visit this market!","date":"2017-10-01 14:42:06","compliment_count":0}
{"user_id":"juigu8XxwzLAeikeBzULbg","business_id":"DlOZoZZRLEOuh9FdAw1few","text":"Using my coupon to save $$$$$$","date":"2013-08-18 23:54:19","compliment_count":0}
{"user_id":"cogPv5baWhsR-_Dcw3-Taw","business_id":"-Xld662dL8WxrwP--bclIQ","text":"The yum yum roll is delicious!","date":"2011-05-01 01:48:56","compliment_count":0}
{"user_id":"0YZAP4UFO4beJCWKoaYh8g","business_id":"n4T7WmI1zynpjLu7OYAgPA","text":"She is the absolute BEST!!! Always turn out perfect!!","date":"2017-11-15 22:12:42","compliment_count":0}
{"user_id":"VwiYJN6BxqtW_zF8hefhmQ","business_id":"wrgtmWOkq1FwnlSgl6QcJg","text":"Drinks with Jess :)","date":"2011-10-12 23:17:47","compliment_count":0}
{"user_id":"xiDVj7FKvaFNosDVFqbobA","business_id":"nwFyEhtZmtSkomYGkK0AAQ","text":"The music in the bar is a bit loud!","date":"2014-06-15 02:54:09","compliment_count":0}
{"user_id":"k8y8sNAXTl6XMzg5Qr61rg","business_id":"mlaWsqU8jTwt-6m8v3RnAg","text":"Buche du Noel. Yum.","date":"2011-12-24 17:43:41","compliment_count":0}
{"user_id":"VWJ8PSz6Sg5_AlBvQyGvpw","business_id":"PcX8zGIJ_XHTAQAcEOwhLw","text":"Nice resort, right by the powder white beach!","date":"2013-06-14 22:54:16","compliment_count":0}
{"user_id":"wfi0T-xq_P5sKQvwQitlYg","business_id":"i4Fbd8a3P2xLbK2lFo2HEg","text":"Lots of great 100 anniversary specials on now!","date":"2015-05-30 21:43:24","compliment_count":0}
{"user_id":"bZCidhCfi-qOrDO0HcL55Q","business_id":"kQXoYN6LqCs1CElEFWj-bQ","text":"College crowd dive bar scene. Friendly folks & lots of Irish eye candy ;) hahaha","date":"2014-03-20 23:37:54","compliment_count":0}
{"user_id":"xU4GbT4VKMpyOxNJAuP3hQ","business_id":"s2JiYzE7i68cXIV6YEcVTw","text":"Fish and chips are very good.","date":"2011-08-09 23:28:29","compliment_count":0}
{"user_id":"CEHLx_Plqb3rZ4Hpg-RSEQ","business_id":"fiBEzPfn2VOZb-PjLcm7Ng","text":"Good food and great beer. Great place for friends to get together and catch up.","date":"2015-09-11 18:29:42","compliment_count":0}
{"user_id":"8ohYIH9wHjKdWc4yAROqBw","business_id":"3w7NRntdQ9h0KwDsksIt5Q","text":"Just in the nik before the mad hyper kids rush. The poor staff!","date":"2013-03-09 19:23:16","compliment_count":0}
{"user_id":"wM7G2F5HKi62yvO-HM51zQ","business_id":"3VvZpyRMg5p3nH2-iK3-Vg","text":"Dessert menu - on a chalkboard above the bar :-) :-)","date":"2016-01-24 03:51:10","compliment_count":0}
{"user_id":"SgxD74-CkftmYxm2-KNKgg","business_id":"o1PhBVppw2EtNw9pw_-pVQ","text":"Michelob on tap. No lie. And, a very fine burger. Like your mom used to make. Only better.","date":"2013-06-01 19:39:39","compliment_count":0}
{"user_id":"2idS8cD2zvsLnV5A9IImGg","business_id":"ihYtslFvge9B9KK1S_E8rw","text":"Great good and service.","date":"2013-12-21 00:53:02","compliment_count":0}
{"user_id":"vbTVyyBl88xVRlTQcBXTUA","business_id":"jtri188kuhe_AuEOJ51U_A","text":"Many locations of Buffalo Wings & Rings open at 11:00 a.m., but Tennessee's inaugural location opens at 10:30 a.m. Monday through Saturday!!!","date":"2016-11-16 16:25:06","compliment_count":0}
{"user_id":"bsNS8tvMDn9ntB8OP3rNsw","business_id":"i1A9_CvPb0SZ_5nTddCEgA","text":"Great hoagies, great bread!  Cutlets....meh\n\nMy go to sandwich: A Cut Above Italian w\/ oil\/vinegar, l\/t\/o, hot peppers, sweet peppers, & pickles","date":"2014-03-13 16:39:55","compliment_count":0}
{"user_id":"wnrHhjDpQk5uLUK7Iku75A","business_id":"PGd06nrseC2YAIqP6S9gUA","text":"delicious bloody Mary's!","date":"2015-01-18 16:45:31","compliment_count":0}
{"user_id":"1t0xnNP5b_9EOhpL0uSFyA","business_id":"2YyIIdwnYv5cApn1gZo_gw","text":"Holiday party","date":"2013-12-18 19:16:08","compliment_count":0}
{"user_id":"n11FfirC7txX9g28jZElvg","business_id":"sZ6ZdSNinpgOfdq0k7fJiw","text":"Some of the best Chinese food I've had in New Orleans. Wait time is rarely over 15 minutes. No delivery but the food makes up for it","date":"2011-07-16 20:58:21","compliment_count":0}
{"user_id":"Ig2ttf1xX2Ihlm0nsykaTw","business_id":"uZsStnH9w2xY15og9VsQZA","text":"The staff is so nice sometimes you get hugs:)","date":"2013-05-24 18:52:05","compliment_count":0}
{"user_id":"QEpNF4Hag6_W9Stc-1Frvg","business_id":"iBRcuymkhTk6mjC3Decs5g","text":"Their Gluten Free section is in the back of the produce section in the specialty foods area.","date":"2013-09-07 07:27:19","compliment_count":0}
{"user_id":"trf3Qcz8qvCDKXiTgjUcEg","business_id":"Xk6GSFf8KGGZ3cyYijwRcw","text":"Bangers and mash.  Just like last time.","date":"2012-08-05 02:24:50","compliment_count":0}
{"user_id":"gHUJQESZY_UESjTxh0HpOw","business_id":"-CRjqZ4GxZ6lIa_qMj7-yw","text":"Solid late night Chinese take out","date":"2017-03-18 03:43:34","compliment_count":0}
{"user_id":"8t8yfB6XsqO3BoQZj1CJDg","business_id":"oRZ24FzN8-RucbIMOPpHww","text":"They are slow on service, it took 20 minutes for the server to approach on a very slow Thursday night.","date":"2013-12-20 00:09:54","compliment_count":0}
{"user_id":"zYFGMy1_thjMnvQLX6JNBw","business_id":"L2ppV5eK9krUkcQivDqr7Q","text":"Not a bad seat in the place","date":"2013-03-03 00:51:06","compliment_count":0}
{"user_id":"td7JrqJMybMZKKoa1h9Qsg","business_id":"tV46IhCfHbsx_af-pMupiw","text":"Very slow service. Order as soon as you come in.","date":"2012-05-30 20:19:18","compliment_count":0}
{"user_id":"IlNN0372S7qPOMPLw5zbyA","business_id":"zWkabha6AGOGGIcKMqACXg","text":"Solid so so","date":"2017-09-20 23:47:36","compliment_count":0}
{"user_id":"j9tEVrwdzlfHHJ-dz3dWrQ","business_id":"Bj7DL3SwmYHZYqPduAsa2w","text":"Like the surf and turf (better meat to bread ratio) and good fries","date":"2012-04-02 20:11:35","compliment_count":0}
{"user_id":"hZ-ZtZ3bqZg6GhWepqj20g","business_id":"sXaiyPC1fT6ESl-6t7eSXg","text":"Hangover food","date":"2011-10-23 17:07:04","compliment_count":0}
{"user_id":"H-PUXKcmpyva1V6qeeDpDA","business_id":"Enf481q4AQpAK4uWiqoXbA","text":"Go Pacers!!","date":"2011-04-15 16:59:04","compliment_count":0}
{"user_id":"EomT2qmTWWUyl5bCjjoYkQ","business_id":"LWbj99tJolTxhzIbXWQOaA","text":"Lots of ppl but good","date":"2015-01-25 17:39:09","compliment_count":0}
{"user_id":"ixmpL38zTJg7STt67tRTBg","business_id":"J2zwx811y2qV8JEuvJvqew","text":"Out of business !","date":"2012-10-05 20:01:27","compliment_count":0}
{"user_id":"3-I7OhqGOOzcjPsP8ChJ2A","business_id":"sl65fzIX32eg75sR6ShjtQ","text":"New ownership, $1.00 drafts all day, and very nice food....","date":"2012-01-09 20:47:10","compliment_count":0}
{"user_id":"GhnqHTT1vKkLc0Z1rGsQ1A","business_id":"ve0dqW6L0FOVVOlhop-p1g","text":"Empty","date":"2012-07-21 16:37:32","compliment_count":0}
{"user_id":"v6QXk92rkGkPG8acu-95Wg","business_id":"Ucl9Vo5lwrUmYbV8Dv8X5g","text":"Clean bathrooms. So let the beers flow!","date":"2014-01-01 20:42:54","compliment_count":0}
{"user_id":"nXMMoDzXRByQiWH9cf-FAQ","business_id":"Qw7tz-UkPrpXaVidWuab4Q","text":"It's free first weekend if you have a Bank of America card!","date":"2011-08-06 16:01:12","compliment_count":0}
{"user_id":"imhUgZdEXe-JLZT381S6-w","business_id":"bp5Mk2d0qofUeF5uLauIbg","text":"Everything on the menu is authentic!","date":"2017-06-14 01:57:51","compliment_count":0}
{"user_id":"LkXNQQaIc5yrKu9Ap87RrA","business_id":"ObkVEcYUuf3efg-0V_WYfQ","text":"Self serve onions, relish, mayo?  And FREE caramelized onions?  Yes!","date":"2011-10-03 19:22:51","compliment_count":0}
{"user_id":"wdNTfRMdKZqpOo1G4YJGbA","business_id":"vxLV9tci88Hsr1G01uleag","text":"We've been eating out too much lately!","date":"2011-08-13 22:32:28","compliment_count":0}
{"user_id":"x-8k5jzFftrIV83M98smmQ","business_id":"uWLFplSCk3lI9rf84ZDwUw","text":"Good biscuits and sausage gravy, but you've got to ask for it because it isn't in the menu.","date":"2014-04-04 14:27:21","compliment_count":0}
{"user_id":"t0t4XNPtitNdgJv9UbfJgQ","business_id":"Y989Hsw30AYUMcyNjBz9iQ","text":"Try the crispy duck confit!","date":"2013-02-16 21:13:16","compliment_count":0}
{"user_id":"r4NVmZeL9UwaISRQYKMv0Q","business_id":"isuOwjnrPrr1bRELgQM0aA","text":"Just had the Korean short ribs . Yum.","date":"2013-09-19 19:20:08","compliment_count":0}
{"user_id":"2GqQGWRmasX8qDuG7CDiWg","business_id":"pTMi7h7JMtwSsijdx_BPDg","text":"Probably the best pizza in the area.\nOn Wednesday 4-8 the large round pies are half price","date":"2017-06-22 12:04:47","compliment_count":0}
{"user_id":"wzX8UssOglKwSDx8qob8zA","business_id":"yZwlpIhzVRxVdbIkuw9-VA","text":"Open late and everything is yummy.","date":"2015-09-10 05:31:03","compliment_count":0}
{"user_id":"WhjYxQIiAIZPkVqUqSBDbg","business_id":"LG80KAbnjI3fICP99UE9RQ","text":"The people here are rude,","date":"2017-06-23 23:03:51","compliment_count":0}
{"user_id":"jlN9luFsNZfZkxnM7cdLKQ","business_id":"cv-SmPhbpwQCtlI2Q7KJIQ","text":"Very good shanghai soup dumplings","date":"2013-09-06 23:58:56","compliment_count":0}
{"user_id":"HQG3no8C5U31z-k1MaYCqQ","business_id":"xSn2d1RTvK7e4KM0bI2NLg","text":"Stale chips but the queso is oh so good...","date":"2012-03-14 01:20:22","compliment_count":0}
{"user_id":"YrDbyRFyan6nx5aXb_N8Hg","business_id":"fCDMLD21ypv1XZ_EyafCkQ","text":"Delicious Vegetarian pressed Cuban sandwich!","date":"2013-06-07 23:01:07","compliment_count":0}
{"user_id":"9r0RoGmf7211qmiLZsgYeg","business_id":"WMkiheTT-8kRslImVLWMVw","text":"The all local beers is a def plus!\nI had the garlic shrimp with garlic bread and my wife had the duck salad. The portions are decent and the duck was excellent, nice crispy but not burnt skin and the meat was perfect not overdone. My shrimp was good, a bit over seasoned, however not too much, nice size pieces and really good with the sauce. I would def go back, it's worth a look!","date":"2013-06-20 23:50:52","compliment_count":0}
{"user_id":"5Si-3Rt03p8r7fGYd-1EVw","business_id":"htO_nlxkEsYHzDrtbiUxew","text":"Great coffee","date":"2013-02-05 16:52:57","compliment_count":0}
{"user_id":"UlWDGR0QrBbdFsVY6ugocw","business_id":"NhyPM2MS8WDfXb8ZT1hgfg","text":"Red velvet!","date":"2011-04-11 02:04:54","compliment_count":0}
{"user_id":"9M_nk0kA3CTJt6UoxRAK_g","business_id":"oJf3IZloLf_PDeEeZW5nDg","text":"Meatball sandwich","date":"2018-03-27 17:48:35","compliment_count":0}
{"user_id":"EW3jDZFPhUEKPxPMhxLN8A","business_id":"90pJu2O7fIEm_N31Fyue7A","text":"They have mocktails.","date":"2017-07-23 21:11:06","compliment_count":0}
{"user_id":"DGEpPdLiNNI7I6GrdFePKQ","business_id":"ZVRqsjSYyrMNRXsdgsKXVg","text":"The best nail salon around, both in appearance and professionalism.","date":"2015-06-21 19:38:45","compliment_count":0}
{"user_id":"NAaivzPy-1wVLWp9h5BAYg","business_id":"gFApW0S59priCHlZbMPSiA","text":"New place","date":"2012-10-17 16:43:35","compliment_count":0}
{"user_id":"2eC4qmjUNR7-LG8s6t4Ehg","business_id":"G6h-9AZro_Ni_4eRR9CkRw","text":"Pizza spice!","date":"2012-03-18 17:03:36","compliment_count":0}
{"user_id":"kRlC4Got8Uo9RHdEcWVMuA","business_id":"zBpNvn_gH6T9KYTZCvqtxg","text":"Save room for dessert. It is soooooo good. You definately don't want to miss out on trying it.","date":"2016-05-23 00:33:04","compliment_count":0}
{"user_id":"vszWukp8rqteQNhS4RMKuw","business_id":"_wfMydyx6Mlf5Uybg7XWNg","text":"Take your woman with you. You don't want to get the wrong one.","date":"2015-03-30 20:34:18","compliment_count":0}
{"user_id":"RkOdQL51_KAkxlGbIUIXIA","business_id":"Lv1sMLqeXVn0CaZLIrewlw","text":"Show up on time :)","date":"2014-03-23 12:53:39","compliment_count":0}
{"user_id":"xyad5PXaHTdKrdNClXbMqQ","business_id":"SIoCIxjn4jLt2O-4DajWJw","text":"Chicken sando comin' up.","date":"2012-05-28 22:29:54","compliment_count":0}
{"user_id":"TD_5wqsgp5HrBoG6PWLehQ","business_id":"DbKj1ZbIGTLUjprdDk4-3A","text":"Eat everything lol","date":"2014-06-20 18:08:53","compliment_count":0}
{"user_id":"0LY6l9-Z2IrVtnfj6OX06w","business_id":"Zmwm6d872C8kWJr4b6UGfg","text":"Great tasty food","date":"2018-04-01 00:10:00","compliment_count":0}
{"user_id":"zoBajEyVA0z4IjbFsMJksg","business_id":"WnZhGc722cszK_5imM4Qsw","text":"Rawk!","date":"2011-10-22 01:29:32","compliment_count":0}
{"user_id":"Ycb2MvdSCdRV_p8F7YGHEQ","business_id":"n3sRn8jx0zT5ew4tjjrRBw","text":"Great breakfast and lunch","date":"2015-01-21 12:29:08","compliment_count":0}
{"user_id":"QVoOwjH06W-jYMjVh8hwIQ","business_id":"SAQgO7Ij2cdnMp8VQKBffA","text":"Try the Calamari!","date":"2011-10-08 15:48:15","compliment_count":0}
{"user_id":"4Dy4PVb5lykv4N0kYiRhVA","business_id":"HpmsY3JJ4gIuS8EiVHwMJw","text":"New Fall Menu is amazing! If at brunch Sat or Sun, you must try the Rabbit with a creamy polenta fresh micro greens and sauteed kale! Delish!","date":"2017-11-18 21:11:26","compliment_count":0}
{"user_id":"P-YebwBHwvPL4kfU8xXhNA","business_id":"dNR-b-CsrFGYhMo9zLMrCw","text":"Yum.  Curry fried rice is great.  Big portions.  Warning.  You will get tired of rice for a few weeks.  Unless you are Asian lol.","date":"2012-01-17 14:09:38","compliment_count":0}
{"user_id":"d1LU2oIXZ3QaU5fZ3Jp2HQ","business_id":"8Kw4-lW3-ag4s2s9ELQzgQ","text":"Can't pay at the pump, but same price cash or charge.","date":"2011-05-08 20:22:19","compliment_count":0}
{"user_id":"ooOdMu4BchfGH58mezhzGg","business_id":"ADe114o7Z4vb1O6HkM6YEA","text":"Grilled chicken plate with tzatziki sauce","date":"2013-02-19 22:49:30","compliment_count":0}
{"user_id":"DnL9CT5gzpwyArhGaNQrjQ","business_id":"2GgFrz1dQ6NzR29UIYQ8Xg","text":"Cute little local owned coffee shop. Good coffee and delicious snacks.","date":"2017-06-22 16:39:21","compliment_count":0}
{"user_id":"ojb3bh9erj8OsjImzZwf9w","business_id":"vEdNsFx-ozYFNxR9XZQ5AA","text":"Khole suggested the mac and cheese and it was amazing! Def will be back!","date":"2017-05-13 00:39:20","compliment_count":0}
{"user_id":"fIvzTi_mk6yq7LTw8xiHSA","business_id":"92HeuR3hbRwGopK5zmmuag","text":"Docks for iPod charging and speakers","date":"2010-02-26 23:38:02","compliment_count":0}
{"user_id":"39OQEezZysSJv735m66T-A","business_id":"Xpue0uHw0dk7HdIXVjhdUA","text":"Owner is really sweet and takes the time to explain the ingredients in each product and the effects of the plant.","date":"2014-09-21 18:37:25","compliment_count":0}
{"user_id":"Up01JEJT09-gYC2QixklZQ","business_id":"uQWhejZCTCeJheRXOAU8ig","text":"If you are not a member, you can still sign your child up for swim lessons during the summer","date":"2017-06-28 15:40:13","compliment_count":0}
{"user_id":"RKULSOrIvvYpDmtuYXEXzA","business_id":"3GCYUw_jbRVmKRPizwMAzw","text":"....another frequented visit....been coming here since I moved to Havertown in1983.","date":"2013-05-16 18:36:47","compliment_count":0}
{"user_id":"6s5whJLSvZFIF0Am4RyjUg","business_id":"jiGj-UE_2I2-An5IFeNiqw","text":"Don't miss it, it sits back off the street a bit.","date":"2013-05-31 23:35:54","compliment_count":0}
{"user_id":"iNZuWjfkYJb1GvyqghOj6w","business_id":"sTI1emOwk2eJPw7ka_YPXQ","text":"Great! Rachel was awesome.","date":"2017-09-25 15:17:08","compliment_count":0}
{"user_id":"q4hQSVOCK-FfNfqPqiBh4g","business_id":"aM3gFY8Eq2KJuvNBlGPJEA","text":"Get a free tote for checking in with Yelp @ the Brentwood location!","date":"2013-08-26 00:29:42","compliment_count":0}
{"user_id":"xaJ0JkoGdaSaWkKGMhc9pg","business_id":"Mf1sUtl_KcQqfSUM-8iwfQ","text":"Veg biryani was ok.chicken was bad. Neither were true biryanis. The rice had a horrible red dye","date":"2010-12-24 03:36:12","compliment_count":0}
{"user_id":"UqVnFtX7ORbDhMW6Pd77Jw","business_id":"Esf3-D_44pArPd9GqysoCg","text":"The Duchess = combo of marzipan on cream on lemon\/raspberry white cake that's moist and yummy (better than this sounds!). Worth the price.","date":"2010-12-07 18:44:34","compliment_count":0}
{"user_id":"3vofzamIMkrS0PPf5aSmRQ","business_id":"H5nMeiXJmLpBALeV8A-FeQ","text":"Pineapple-basil is the best flavor","date":"2011-08-04 04:24:32","compliment_count":0}
{"user_id":"YZJxCGJYGYR-IbazxS3Exw","business_id":"BVNO7y66gBb82RwZVj74HQ","text":"They have bathrooms in the restaurant.","date":"2018-03-24 16:21:05","compliment_count":0}
{"user_id":"_sxfMOKphtb9S_4tq5qXQw","business_id":"iFunuVzrg10UesZvMPCHHg","text":"Great customer service on every visit","date":"2016-12-09 23:52:17","compliment_count":0}
{"user_id":"ShzFe3RF8Kwl8vzhZ9LIAA","business_id":"N3ZhDBulGhkuJnZ0ue109A","text":"It is now more of a restaurant then a bar. And I love that! Spanish style food and drink menu, salsa music playing in the background. Great atmosphere. Super clean. Friendly staff.Try the coconut mojitos (garnished with actual mini coconuts!) Or the Passion Fruit Margarita (yum!) New menu. Mainly Everything is Spanish style (rice and beans, tostones, maduros,etc). They have a larger dining area on the 2nd floor and an outdoor patio that's only accessible through the inside of the bar.","date":"2014-09-10 05:29:00","compliment_count":0}
{"user_id":"pWcMk-CufDr7a9hpcd1fsg","business_id":"TpUGMw7Lq9p5WT1t2qHD0A","text":"Great food. Try the steak kabobs. Very yummy!","date":"2015-01-19 05:10:21","compliment_count":0}
{"user_id":"xZgbvWE-fF0QEv3k8FwRuw","business_id":"VHA-b1NH4tIZB_IVEf_pmA","text":"Pokie rolls at the dessert bar!","date":"2011-10-01 18:41:26","compliment_count":0}
{"user_id":"reXq5di2UzuqxYW8M5X_fQ","business_id":"I2CxrvM0BGH1svfxqGGD2g","text":"Went here by accident trying to get to a Bbq place down the street but Thursdays after 4pm are 2 for 1 beers so it was worth it. 4 yuenglings and $7.50 later we were happy and on our way to the bbq place. Cool server dude too","date":"2012-07-27 00:18:31","compliment_count":0}
{"user_id":"D2IUOetOVfjAkmohD_hsKg","business_id":"dtWFuvupLrMmPb09uy6wVw","text":"Dipping sauces are extra, but so worth it.","date":"2013-05-31 15:08:10","compliment_count":0}
{"user_id":"2LYgLhhaZKDqjuGjCuiIIg","business_id":"9-_C4cdXj0c1iWYf4RywkQ","text":"Call ahead, Pat's usually busy, but he's always on time for appointments.","date":"2012-10-09 12:15:42","compliment_count":0}
{"user_id":"ezfjpyJ_XQO7aJp49T0aGg","business_id":"qUH2FppY7RL96F5tXzA0hQ","text":"Nice service, good ambiance, delicious coffee and lavender blackberry scones!","date":"2015-05-28 22:37:25","compliment_count":0}
{"user_id":"vj0uFCtrzTAp2yLeU9FfhA","business_id":"q5dSzxE6grwCzu23_PlesA","text":"Most authentic place in St. Louis","date":"2017-03-10 01:44:00","compliment_count":0}
{"user_id":"TfeDrNQDWHL3aYm_OCmdWQ","business_id":"dJfkfBbJz7wi0RgW-ph_Eg","text":"Nice atmosphere, delicious sushi and nice wait staff.","date":"2018-03-27 20:04:48","compliment_count":0}
{"user_id":"Fg0RIeqM0-nccUwpc9BozQ","business_id":"VjYncSxkftCGevMFDyMKlg","text":"The chips are way too salty.","date":"2015-06-21 01:35:17","compliment_count":0}
{"user_id":"H5Sl8mMEWrrh6oXgm2zIiQ","business_id":"DUQ1j7zagtoXFhwutDwX9Q","text":"If it is past 3:00pm and you need a quick snack, give them a call. He may be cleaning up and able to let you grab a snack\/drink","date":"2016-01-18 19:41:29","compliment_count":0}
{"user_id":"zAMpV0uFt9XpqRDFNLWPrQ","business_id":"P5yulkthm6nyunOLt-rEVg","text":"free in between neck shaves","date":"2016-04-19 19:59:53","compliment_count":0}
{"user_id":"JwulbBFNBMyinY6KAorrDw","business_id":"X2VNoC43s7df58HHDCqMwg","text":"Home made falafel! Yes pls!","date":"2013-02-06 17:39:09","compliment_count":0}
{"user_id":"KqzgupvHOVfYQhefLBQxzg","business_id":"yPOVNQu0iU6BR8RPIfIE3Q","text":"Yum yum yum!","date":"2012-08-01 13:42:12","compliment_count":0}
{"user_id":"J4ywgQmEehzaBl5F2DTmiA","business_id":"Bb5YSi_C9p4Sp6eD4ZCSVQ","text":"Cool little place with great pizza and service. The Sonoran pizza was excellent.","date":"2016-04-24 16:03:32","compliment_count":0}
{"user_id":"3o-566iCnJNndaZdEOajmg","business_id":"4r3Ck65DCG1T6gpWodPyrg","text":"Get the $2 \"additions\" to the cheese board- the quince alone is worth it!","date":"2010-12-02 02:34:55","compliment_count":0}
{"user_id":"bOei0iogihBsoGwcBlEvmA","business_id":"YpV0DniZQKnG6mWVVl-TSw","text":"Met one of the owners, awesome vibe in the place","date":"2012-10-19 00:24:07","compliment_count":0}
{"user_id":"56idZ-GGAljEJSvBlGpawA","business_id":"ThdleGpP0WTS5iRTMxpONw","text":"Pedicure with a quick foot- leg massage included","date":"2012-07-28 20:01:26","compliment_count":0}
{"user_id":"gRGalHVu6BcaUDIAGVW_xQ","business_id":"Im203DgoWCdkAx1qEY7DgA","text":"Chicago style awesomeness.","date":"2011-07-14 23:14:40","compliment_count":0}
{"user_id":"zfD3xhVNkGJs-AOOSslqtQ","business_id":"3gU3-Js8UlmKmKI-PhSLog","text":"They are doing construction in the office now, so looks a little different than normal.","date":"2015-10-04 18:29:40","compliment_count":0}
{"user_id":"irIWWqUSS06qYH8kSrGqrg","business_id":"BcWx80K4i0LjIkH40o_Kkg","text":"Love it there been going for years.  Chelsea is the BEST! !!!","date":"2015-01-21 03:47:26","compliment_count":0}
{"user_id":"PydnNXXz8MmWfYredcwbow","business_id":"R2sUttu6kl5on4k1khkDqg","text":"I'm always in and out!","date":"2014-01-02 20:07:23","compliment_count":0}
{"user_id":"-G7Zkl1wIWBBmD0KRy_sCw","business_id":"nTkJq7iDAcPyoe2zP5NhyA","text":"Friday drink with friends.","date":"2015-12-19 01:10:58","compliment_count":0}
{"user_id":"YiZjXluPx3np-L6A8PiUWg","business_id":"kK1uqNkYDmmrUoqaTqSeyg","text":"They probably offer the lowest price drain cleaning in Nashville. It's pretty sweet. They're working on my house right now as I write this.","date":"2015-09-16 15:25:17","compliment_count":0}
{"user_id":"roGoHGWTkYrerml4wr6Wmg","business_id":"ZVIYUbsrSFGffkFj5knDgg","text":"Right now there is a promo for Special Olympics whenever you order a Grasshopper!!","date":"2014-03-24 22:52:10","compliment_count":0}
{"user_id":"83aWd9O8xb_a14BLXh-D8g","business_id":"r9j3Ri3D2lqD2ToA49qmzg","text":"Everything is delicious!","date":"2016-01-31 17:19:15","compliment_count":0}
{"user_id":"CjX9Aq_OqVantNrqY3447Q","business_id":"LMUAosYkvkP9fAkbDz1X4Q","text":"Be ready to make friends!","date":"2013-12-06 15:34:13","compliment_count":0}
{"user_id":"Y4EjztIbIWmzHoYJdr4L6A","business_id":"YD9-VUxnobct_Jv4E9SAvA","text":"TCJ catch up time","date":"2012-01-07 22:03:06","compliment_count":0}
{"user_id":"gYeiI_21LzFWidjHbNkiyQ","business_id":"ikONTzFKwachQtFtoMGeIQ","text":"Pint and pizza slice for\n$5.95 is the way to go!","date":"2015-05-23 23:52:44","compliment_count":0}
{"user_id":"wJ57oQxkmdN2Milto9nOmw","business_id":"KuQIzjzwhqykR3CMwqNBTA","text":"Take your food to go it's too Hot inside with no AC!","date":"2016-08-06 23:10:39","compliment_count":0}
{"user_id":"5p2XL4dlvyh8jYJDA6HfLA","business_id":"jRpK8oG_8QKaPGaaKiCyng","text":"Love this place!","date":"2017-09-20 21:51:12","compliment_count":0}
{"user_id":"i_1vWPbw-x2XkJMrgmwwOg","business_id":"6gDgOXYjpa89wbtAwz1Gqw","text":"You fooled me Yelp. It was just OK.","date":"2013-03-09 04:35:41","compliment_count":0}
{"user_id":"HetgfaEdm0699-C0B0p6hg","business_id":"O9UsAVP9NRNkBv3wewHw0Q","text":"Great time!! Bang bang shrimp were AWESOME!!","date":"2017-09-23 10:36:23","compliment_count":0}
{"user_id":"D4un9kv2gb3jaPDS7NMELg","business_id":"sO1OD0SZkXXPtIXj2cS4oA","text":"Wow the Saturday night band is terrible  tonight","date":"2012-03-18 06:04:05","compliment_count":0}
{"user_id":"oYn4yU4hI8w9vMQkR9bx1w","business_id":"BkVw-eo0TutX8SmLpDzfMA","text":"Just hangin and shaking hands with Sister Hazel..... A normal day  in the 'burg....","date":"2013-08-29 02:03:42","compliment_count":0}
{"user_id":"0olssiUH8NXpfOb5si5Jxw","business_id":"2LfH-mKHRnMZ5qx0gj8PXw","text":"Great place for shoes awesome prices. Great prices on workout clothes and everything you need to workout.","date":"2013-02-07 18:41:13","compliment_count":0}
{"user_id":"Oi_BMk3WpW8dvVozRCc14Q","business_id":"2uTT4-ZY21p_Py4pmbrbTg","text":"Very fresh and tasty. Good deal at lunch.","date":"2015-02-07 19:32:58","compliment_count":0}
{"user_id":"3QnoTcrxuafMCoTzW_AH7A","business_id":"V9VLhHdSFpFi4yXFqVcVEA","text":"Best beets I've EVER had!! Not too \"dirty\". Citrus marinated with almonds!","date":"2018-03-18 22:14:09","compliment_count":0}
{"user_id":"EtX1yXNhGXOC9q9SVyK-nw","business_id":"Ul3hhOASszHUVxeN95XVNQ","text":"The fondue is amazing and makes such special event!","date":"2016-04-26 03:45:19","compliment_count":0}
{"user_id":"IgmfJOA9yFyTr8B2BWcVqA","business_id":"QLHgjBHBoeIUoEvIPvjHnw","text":"Just opened today! 45 minutes and still no food. I would hold off on coming here until they work off the timing issues.","date":"2016-12-06 04:00:39","compliment_count":0}
{"user_id":"FUUEU3ZN5cL1nNNR2AYZuw","business_id":"Am_H8-XxtTfV34QmOuWcyQ","text":"They have glass tumblers for self-service water!","date":"2013-02-16 15:24:20","compliment_count":0}
{"user_id":"VL12EhEdT4OWqGq0nIqkzw","business_id":"xODBZmX4EmlVvbqtKN7YKg","text":"$5 burritos","date":"2012-05-22 01:14:26","compliment_count":0}
{"user_id":"LkXNQQaIc5yrKu9Ap87RrA","business_id":"SekWxm92phAL_P_KySUnxA","text":"Fried Pickles are good.","date":"2011-10-12 01:02:11","compliment_count":0}
{"user_id":"QidUTm6w9SLuBGKKZ7BSAQ","business_id":"a3N9erjaLER_cH9rhsADEA","text":"Come early if you're here for happy hour. The restaurant packs up quickly!","date":"2017-03-28 07:06:51","compliment_count":0}
{"user_id":"kKPbWlBjpSL3Qzvtn_AaPw","business_id":"j4kYliTkKf7k-oDqVgyXYA","text":"Mandrakes & Tree-nuts\nCollege Football Championship\nBig Lights of Texas\n\n#NOLA_Haiku haiku\n#OSUvsORE #Buckeyes #NCAA\n#NationalChampionship\n#THEOhioStateUniversity\n#ATTStadium #OSUBuckeyes","date":"2015-01-13 03:44:02","compliment_count":0}
{"user_id":"mVA4IeYyVKPUWRrN5oplMA","business_id":"u1uWs6f1NN_jMVIN-r-E-w","text":"Lobster ravioli is excellent!!","date":"2013-02-08 01:00:50","compliment_count":0}
{"user_id":"s789ybJC7OSbcFUdTbKhtA","business_id":"Jx2AoB_IQOUrZ3s6fdAUSA","text":"This a great locally owned coffee shop!","date":"2015-12-15 19:00:49","compliment_count":0}
{"user_id":"Hs49aqi1Y9x5SALYjSKY8w","business_id":"wupvqueqdEZXQxv14sa9vw","text":"Great spot for brunch","date":"2015-09-12 21:12:07","compliment_count":0}
{"user_id":"YxE9ERtoyczXIxqEadX5yw","business_id":"c0F9yKr0bJuQDtG1lzDgmQ","text":"This place makes me wish i had the stomach of an elephant because i just want to eat everything. EVERYTHING. all in one sitting. Is that a crime? I blame CSK.","date":"2016-01-17 07:09:00","compliment_count":0}
{"user_id":"qtk0s-tll7vp6oDcI2Zi9g","business_id":"4q4huGL_tQj1XpRB8P5F6A","text":"Best place to be if you have cancer.","date":"2014-03-14 13:21:44","compliment_count":0}
{"user_id":"6Wipmp3NrR427ZtHXF7Xyw","business_id":"Yk8DSN-nvFNJrWXizuzsIg","text":"Ok prices but slow service.","date":"2010-02-07 15:31:08","compliment_count":0}
{"user_id":"SKJpOreXKa1PRpvSKjzMng","business_id":"kM9akuLxeDDLDqAzYIBWMg","text":"Check out at the pharmacy if the regular line is busy. But everyone should know that","date":"2014-06-10 02:30:51","compliment_count":0}
{"user_id":"Rr4cLb6Go91FT134o6RsKg","business_id":"hVRebPv7EKMUGVV2m5IKaQ","text":"Two steak burritos","date":"2015-05-25 11:55:28","compliment_count":0}
{"user_id":"CsVpAEIpymc2grb9i521uA","business_id":"6dDC5PSmPEoJYuM8r8dN_A","text":"Healthy affordable Breakfast","date":"2011-07-28 16:20:30","compliment_count":0}
{"user_id":"eXych7LFgg5uI6VaRAUW2w","business_id":"hc7I_QpCszT3mlIP9uW19w","text":"Look for their check-in deal: currently it's a free hand-pumped donut! AMAZING!!!!!","date":"2016-01-31 18:34:28","compliment_count":0}
{"user_id":"uCuAE2miS9SuIbGcjiHsRQ","business_id":"b7V_5q22_eTeHlYzq1bpFw","text":"Excellent fresh seafood!! Friendly staff!! Clean!! Great place for dinner.","date":"2016-08-02 22:48:17","compliment_count":0}
{"user_id":"5Y5KbsI5buMcNh2hTFaRpA","business_id":"4Ygd9CYAJSXXOhREELhzNQ","text":"Grab & Go food is available in a case near the counter that includes sandwiches, salads, sides, and more!","date":"2013-02-12 18:57:39","compliment_count":0}
{"user_id":"dPLaY-t4BF7KZI9SXABg5A","business_id":"Bg7D8LrsW9XbYlEhT9yekw","text":"Remember to visit the wishing tree after the galleries and make a wish! Write it on your bracelet and tie it to the tree!","date":"2013-12-24 02:00:38","compliment_count":0}
{"user_id":"f9v63pYJZsb1k92zvPLXTw","business_id":"ay9zMsFHhwD483o8Zwdc_A","text":"The closing time is slightly outdated. They actually close at 9pm on Sunday. Check their website to be sure.","date":"2013-06-03 02:12:10","compliment_count":0}
{"user_id":"ZSmUmmJ9Jxk3UeaVmWg4Eg","business_id":"RkA7wLIxPweJn0HgLSNjHw","text":"This place is fantastic!! The food is delicious. I rate customer service five stars. Monday's they have burger specials.","date":"2018-03-24 23:28:57","compliment_count":0}
{"user_id":"0L_WSBXdLgTneHyDRlZMgA","business_id":"vh6YOciEM3M4zi2FGp-b5Q","text":"Best sushi and Asian food that I've had in STL!","date":"2014-08-28 22:12:43","compliment_count":0}
{"user_id":"4fTm8qhzNnSXYHugs-Jcrw","business_id":"WIeAfvm5pcjtcWo7DdQeWA","text":"Sarah was awesome! it was my first time and she talked to me the entire time to keep my mind off it. It was a really quick service too-but not rushed! I will be back :).","date":"2014-06-20 14:09:26","compliment_count":0}
{"user_id":"trf3Qcz8qvCDKXiTgjUcEg","business_id":"8W03O-MpzfkYRgxuagrcPA","text":"Update!\n\nThey now have alfalfa sprouts!","date":"2015-01-21 14:56:31","compliment_count":0}
{"user_id":"RNupfU2QClRq_lRR3mEgrQ","business_id":"5kWhgFvaf9_zeyOfO-2NxQ","text":"Try the calamari, the chicken Marsala was great, and the ossobuco special was delicious. Great place, highly recommended!","date":"2013-02-15 02:29:41","compliment_count":1}
{"user_id":"_TRh9wlMFZUb1NhHpXEy_w","business_id":"ljtUjnbJf_FY7e7WcvIZGg","text":"These guys are amazing! I trust them completely with our 2 pups when we're away and they have a great time. Veronica rocks!","date":"2012-01-06 17:42:23","compliment_count":0}
{"user_id":"iObxSOPlei-2Il-5slMH4g","business_id":"Jmpeq6lA-XgwnqvnYKIs3g","text":"This studio is not just for pole dancing! Marcy offers top notch Zumba classes as well as hip hop, Pound, bootcamp, chair dance and floorwork. However you choose to work out, Chrome has it!","date":"2017-11-15 22:37:07","compliment_count":0}
{"user_id":"djwlML2_4vA-zrDz1_NZXQ","business_id":"GGMPGL1AmXwlNyHyJ4oUXQ","text":"Great Cuban sandwich!","date":"2015-02-10 17:07:53","compliment_count":0}
{"user_id":"6Ze-iXYP5egXSYwMIiCMPg","business_id":"vUkiYPpbkMXA99WneLSGkQ","text":"Not a big writer but quick review. Must haves are Roti Canai and Mee Siam, the Basil Noodles are also good. Was not a fan of the duck noodles (wasn't a fan so kinda forgot about them). Service was prompt.","date":"2012-10-07 22:19:53","compliment_count":0}
{"user_id":"5fORTWl8AyvJVwDFPr-98w","business_id":"qm17m5Qp7nOQ3meEESLyGw","text":"Roasted corn grits....","date":"2011-07-16 16:38:00","compliment_count":0}
{"user_id":"cLCMvwsFgKx2f6rrK3boOQ","business_id":"B-DiQpcSTJ7oMMnwzbAGTQ","text":"Bring cash and an empty stomach","date":"2014-06-06 16:23:54","compliment_count":0}
{"user_id":"ZRXvbrutBBULaFS6T9NCwA","business_id":"SVp-oQzF2x07Yv38ZKbaHA","text":"Excellent service for our party of 15! No issues, hot and fresh food a plenty!","date":"2015-01-23 15:53:59","compliment_count":0}
{"user_id":"TvkqJ8YEIsTb16RnnrNyfQ","business_id":"3qm2sG71yvgHJw1Sg22rEg","text":"Prompt shuttle over to the PHL terminal. Mostly friendly employees. Recommended!","date":"2011-07-26 10:03:24","compliment_count":0}
{"user_id":"v4KYRLFGmeqwlntnDbJ4Uw","business_id":"QfaobFtkXhyTirLQLkV82w","text":"Picked up menus for my work crew. I was warmly greeted and given plenty of take out menus :)","date":"2013-05-28 15:41:22","compliment_count":0}
{"user_id":"RQjtzwpJOU3-_g_KxsbgUw","business_id":"gMapeT8aFKXag7B9iE2W8g","text":"My yelp is frozen on tips!","date":"2016-01-02 22:30:43","compliment_count":0}
{"user_id":"DayBpqfI7t4sQT3D4HUq9Q","business_id":"CQQHON44VFVqcCwsalwLQg","text":"Some of the best cheap burgers in the city!","date":"2010-11-28 23:57:57","compliment_count":0}
{"user_id":"Zxuhm2MkbvxDhhvaY0IzZg","business_id":"27WSKK7sJYr3XC992ekPJw","text":"It's a renovated bungalow... And it's locally and woman owned. Gotta love it!","date":"2013-12-07 22:40:22","compliment_count":0}
{"user_id":"4sIFAq7glmGpZXb5cqI7Pw","business_id":"fN12ywQpLXQ93bpwe1N_Ww","text":"Waiter needs lesson in wine etiquette...","date":"2011-04-17 01:01:15","compliment_count":0}
{"user_id":"50lBjqPyg0qRDzWeDlc-aQ","business_id":"llYsxQ0IuKh0HXULlqu6fw","text":"Get the Larry (chocolate taro boba)!!!","date":"2015-09-07 22:04:52","compliment_count":0}
{"user_id":"U5Ou2Bh3-1iKQRByMGVziQ","business_id":"_0QZGrg91aaiMhh7tQyYYg","text":"4:00 pm great view cheap but great tasting wine. After a hard week of house cleaning a nice finish!\n\nI love it....","date":"2013-05-24 20:09:08","compliment_count":0}
{"user_id":"5Y5KbsI5buMcNh2hTFaRpA","business_id":"ZzKuqTj_fjlStijadL5noQ","text":"Salad time.","date":"2011-04-14 20:32:35","compliment_count":0}
{"user_id":"hZ-ZtZ3bqZg6GhWepqj20g","business_id":"ELUxZOuHj2MrMXV3mg3zVQ","text":"Dinner w\/my favorite girl....and a beer flight!","date":"2010-12-02 01:07:59","compliment_count":0}
{"user_id":"6ZI1rdW4Lf1VkrslS6Gd_w","business_id":"JvawJ9bSr22xn4R9oLvl_w","text":"Fried bbq oysters are a must have!","date":"2013-02-25 17:54:22","compliment_count":0}
{"user_id":"xRaI1T8xgNVuIDK3_nmOnA","business_id":"e6koMMDPeRixkV2Jxv8msw","text":"There's a discount for doing your laundry on Wednesdays!","date":"2013-02-22 23:31:28","compliment_count":0}
{"user_id":"lMY8NBPyzlPbbu-KBYfD9A","business_id":"wUmT6aKugN4cmiit0XGRnQ","text":"Got Recipes?","date":"2016-02-16 18:34:50","compliment_count":0}
{"user_id":"I1sP4t1CgHIA-C3ppq0IKA","business_id":"hRoAwkrCWaqjBuYs4i9EYw","text":"During taco happy hour you only get 1 tortillas for each taco, bummer.....","date":"2012-01-04 00:48:19","compliment_count":0}
{"user_id":"RThOiWNMOMZphyG6zGS64Q","business_id":"JYVqfn8xRNIb-VFvsm-W2Q","text":"The have the best Posole in town!!! Hands down! Reminds me of my mom's posole back in Mexico! The food is so authentic and taste home cooked!","date":"2017-09-25 00:33:26","compliment_count":0}
{"user_id":"1JtpcHELRrSDoWS80WtzuQ","business_id":"oJ0fQBhVFeWcNjOQv2b6KQ","text":"Excellent service and great food.","date":"2016-01-06 01:19:42","compliment_count":0}
{"user_id":"hCBKnwAKN0hcu6OTzuCAEw","business_id":"plUxQaoTDXe7BPam9rNRgA","text":"special right now for vday, buy 4 get 2 free!!!","date":"2013-02-14 00:14:12","compliment_count":1}
{"user_id":"k_GGJVCFNk3QIeIe6wkKzg","business_id":"yKSQMO9mUYP9y5OvFGKRLg","text":"Nice place and good food for the price. Good customer service as well","date":"2016-04-24 23:58:03","compliment_count":0}
{"user_id":"4-Bk1gcpGPWQSVetVjjT5g","business_id":"26jYcdFR5oLqKDKpTH0JIQ","text":"Yes please! The charbroiled oysters are amazing!","date":"2017-06-24 05:08:02","compliment_count":0}
{"user_id":"r865NeiP-94XA39ELBmagw","business_id":"DAn7drLq36AJlH9wagcA_Q","text":"Great little spot.","date":"2012-03-24 18:20:33","compliment_count":0}
{"user_id":"kULau64pX05OkAEmNoV4lA","business_id":"l8Js8v-5wjAmIRau62A7Ng","text":"Friendly people, great drinks!","date":"2017-06-25 23:04:36","compliment_count":0}
{"user_id":"-nmTwBe8ITqGPNoImxWCLg","business_id":"PwbeSKSCBnqXJlAxEaUrnA","text":"Best Mexican in Nashville","date":"2013-02-06 01:00:50","compliment_count":0}
{"user_id":"J47DVcF22G5ujmKVM4pcpw","business_id":"czCtjXVP-NT8yemsQv2KsA","text":"Tuna with pepper jack is my fav!","date":"2012-10-06 16:42:35","compliment_count":0}
{"user_id":"qOAYy-WGn54j7LyiqKU-OQ","business_id":"AMwP9S9cnPWt3lrNOagtjw","text":"Dinner!!!","date":"2012-01-07 03:34:33","compliment_count":0}
{"user_id":"6KqbwRwu-6GCOCy05lE5Kw","business_id":"ELi2PNGWVVIdBJSJbhQCtQ","text":"Going with a family meal is easy on the budget","date":"2014-04-01 22:15:38","compliment_count":0}
{"user_id":"b7WeBJjMDtAFzsSKhyO-Xw","business_id":"X-ZgevJi7i3wf0RjsBLG1w","text":"Holy Frenchulatta!  This thing is HUGE!","date":"2011-12-29 20:02:24","compliment_count":0}
{"user_id":"A1wbOetCB-E6Om4WuLJS4Q","business_id":"3ZV1zaRKJg-xSiZU3DZ3XA","text":"Seeing \"Worlds End\"","date":"2013-08-31 20:43:51","compliment_count":0}
{"user_id":"RmInqW-kyKO_H9o9-FMrOA","business_id":"DgDd0A3nI-mMi35jZIlyxg","text":"Nice bar and good food great addition to Mayfair!","date":"2014-03-27 04:37:00","compliment_count":0}
{"user_id":"rBeKFxV0PJ-wXMjaEa8G5A","business_id":"HXGaZ0lcx_MSyku18pYa5w","text":"Check out the Growler and Tasting Bar at the very back of the store! They also have some very unique and cool growlers to purchase.","date":"2017-11-30 17:27:04","compliment_count":0}
{"user_id":"qSIPtc3yf1CrVP_BV1epkQ","business_id":"_qq5pWEQ3bY_tRHX-TEktA","text":"Needs to be cleaned up\nNice salad bar\nI was hoping for excellence but only average","date":"2016-08-22 02:37:04","compliment_count":0}
{"user_id":"bNnBwW5kNO77KTgMeVhxKg","business_id":"_m0mp3Wjcteysto6azQ9iA","text":"Great \"sunset\" happy hour menu!","date":"2017-04-03 23:36:17","compliment_count":0}
{"user_id":"nQpgkgFfZSPZNtvA1jjRZg","business_id":"36errPrStuKMvkDayyfcMw","text":"Tried a ham \"diablo\" today and did not enjoy it. I love hot & spicy  food but the diablo really didn't work for me.\nI like the theory of spicy meats and spiced up \"hot\"  cheese, but spiced up with too much crushed red peppers.\nIn my opinion this didn't work, way too much crushed red pepper, should have taken a pic, but trust me it was way over seasoned. My eyes were tearing it was so hot , usually that's a good thing but it was all due to too much crushed red pepper.","date":"2017-06-19 18:25:32","compliment_count":0}
{"user_id":"jPRDnnoCvJi2plYWWAoOcw","business_id":"2zSQu6_cLgWAVbZ2LbSLBA","text":"Lunch with my girls","date":"2011-04-15 16:10:53","compliment_count":0}
{"user_id":"CYkNedtMlfC8HQ3VBwQCOg","business_id":"wL_5DIYA06jXzqV3FMhfBg","text":"Patio + limonata: perfect for a beautiful day like this!","date":"2011-04-10 20:38:46","compliment_count":0}
{"user_id":"kZFPKu-N0vTcy0Oc6rmG7Q","business_id":"hhper8vIQRHpEZRufltj1Q","text":"Awesome music and dancing, ALWAYS","date":"2012-11-04 04:23:34","compliment_count":0}
{"user_id":"CjIpmIHt8Ue14czGQo98cQ","business_id":"y3LlrItb8nrzMYYiqQee3g","text":"Aids","date":"2011-05-23 19:37:47","compliment_count":0}
{"user_id":"AmM4Lfk15XfqRGCINWgkOQ","business_id":"98UbvTQAixUEdLzz0XZdhQ","text":"Yelp event!","date":"2011-04-21 23:50:20","compliment_count":0}
{"user_id":"Ys4QMXlm9wvZIyHIZz2XcA","business_id":"jgcQGltZISMAwzo10XOjOw","text":"This place is dangerous. Won't return.","date":"2017-10-01 02:12:25","compliment_count":0}
{"user_id":"JOrDiXIgpb0sjtd7Cr3CdA","business_id":"WIeAfvm5pcjtcWo7DdQeWA","text":"Scared for my first Brazilian!","date":"2013-09-06 16:50:28","compliment_count":0}
{"user_id":"7dBhV-vb0Yi_yf5--Hk6oA","business_id":"KZ_tf9WUhWXer6BBvXmOvg","text":"Seems to have changed since last going 9 months ago. This time I had great service!","date":"2016-11-14 11:43:39","compliment_count":0}
{"user_id":"njcXFGqIuSp-_joP42MhxA","business_id":"ltBBYdNzkeKdCNPDAsxwAA","text":"The kids are eating...it's a miracle...","date":"2011-08-20 19:29:22","compliment_count":0}
{"user_id":"JiUmz7l4rNz4-YmOj13i9g","business_id":"Y0e1ZZZlfHtB7GBtAZkglQ","text":"Their cafe com leche is made with a lot of sugar.","date":"2014-06-28 01:59:23","compliment_count":0}
{"user_id":"Y5-FqLnqIQPtLid8wOJ0-Q","business_id":"_RrnPiGbb4YY4WnBBZP_gQ","text":"What's Hecuba To Me, or Me To Hecuba? I Know The Difference Between A Hawk And A Handsaw!","date":"2013-06-07 15:23:30","compliment_count":0}
{"user_id":"_YqknhseJ6yjtS1g0D4Vwg","business_id":"TZG_XV9u4xgE56s0otXEag","text":"Huge menu like cheesecake factory.  Beer not so great.  Double ipa not flavorful","date":"2015-02-10 17:59:56","compliment_count":0}
{"user_id":"ie9VaHvAaQgjMJP3Gn-AQQ","business_id":"PdSUxhrccDy6MaJ4_zd8YA","text":"No fries until after 8 on show nights...","date":"2012-01-21 23:20:38","compliment_count":0}
{"user_id":"5Rm2ljSz6fFpshjM3Yr0qg","business_id":"TWLH8nel96VXhKsuZ-R4sQ","text":"Happy birthday Matt!!","date":"2012-08-11 20:16:24","compliment_count":0}
{"user_id":"2EFP4V-WIFi5JTzG8aKZWg","business_id":"XcijfFEBsmdnUm0o-t9c3A","text":"Been coming here for years and it is always great.   The kids and I had caricatures drawn - made for a nice Father's Day bonus!","date":"2013-06-17 00:09:01","compliment_count":0}
{"user_id":"WFP-b1Aep71xjS3TiGEC2Q","business_id":"6ewV-e7-39oqYUq3yZuIyw","text":"Spicy tofu = AMAZING. Pancakes are nothing special - dont get them","date":"2015-09-07 19:02:08","compliment_count":0}
{"user_id":"Oi1qbcz2m2SnwUeztGYcnQ","business_id":"HFq60sdhRCUcauMDVy3Zdg","text":"Really good sight lines to the TVs from the bar!","date":"2011-10-06 15:17:50","compliment_count":0}
{"user_id":"fr1Hz2acAb3OaL3l6DyKNg","business_id":"YcP6XiXITpQY-RvL-McTOA","text":"The bakery items are fresh. Love the chicken pie. Fluffy crush.","date":"2016-01-29 18:32:41","compliment_count":0}
{"user_id":"HAApeWFR7aBy0OGT2Y4Qvg","business_id":"ZewrmVIdr77Kinj-njv6RQ","text":"Addictive!   Hot cookies that taste amazing. Not much more to say!","date":"2016-08-20 18:21:19","compliment_count":0}
{"user_id":"xOUFQeWfWZmbz8thm3YGYQ","business_id":"L0f3ETO9ZyVF6_tdpE0OMg","text":"Been around for years.. Very old lady clothing!","date":"2016-12-07 21:16:22","compliment_count":0}
{"user_id":"GSVmJja9_1mjlfNgv6nOjg","business_id":"04o5yH6y_49RkLuEaiW5mg","text":"Call ahead or be prepared to wait. And I do mean WAIT!!! Take mine and everyone else's advice...CALL AHEAD!!! I'm gonna post a pic of the menu so nobody else has to go through this.","date":"2012-06-03 23:00:16","compliment_count":0}
{"user_id":"5Y5KbsI5buMcNh2hTFaRpA","business_id":"KqF1W-GxTAnOZtcMNS5Wiw","text":"Worth crawling out of the loft... Special Member Screening of Samsara in digital!","date":"2013-05-13 22:47:41","compliment_count":0}
{"user_id":"_itxaZHCuCqOh7V6PN1IDA","business_id":"sBWuDgCSx9j-sRVhikx6nw","text":"Irish Wind Symphony doing \"Wearing of the Green\".","date":"2012-03-18 00:26:26","compliment_count":0}
{"user_id":"CJXkxjoV4VbJ3fagz2ZnqQ","business_id":"i1WPpsuD5gyLppyB71vv6A","text":"Try the Buttermilk Fried Chicken entree!","date":"2014-08-27 19:07:38","compliment_count":0}
{"user_id":"NdgK4UpqO6kHujsnBac1Cg","business_id":"9GdGe93oLy8MTtmEsfmgEg","text":"Great drinks and food!","date":"2010-12-31 01:23:54","compliment_count":0}
{"user_id":"zWC1npRbmWO2bZRt2fYgfw","business_id":"44klPO-2HedNmQc-LMg5jQ","text":"Barbacoa tacos","date":"2012-01-15 20:44:32","compliment_count":0}
{"user_id":"bYsekCu4TA5ddPiQXvrxiw","business_id":"W06QBC9vkxA5CVBNVrOMRA","text":"Wings are great!  Service is slow.","date":"2014-09-17 01:25:57","compliment_count":0}
{"user_id":"Nxr5C4m0edwetAeRUacP6A","business_id":"di2U_tMQlkgqwblvjdcXcQ","text":"You must try the muffins! All made in house and sinfully good!","date":"2012-07-27 15:03:32","compliment_count":0}
{"user_id":"nx4U9UGA9aUyUrrtUR91zw","business_id":"Myn542cPQ19wgoFWGKM-Lg","text":"Great food eating in or taking out!","date":"2016-07-31 03:07:43","compliment_count":0}
{"user_id":"a47Dd7jhea8FQ16io1KN2A","business_id":"CgiwCrXs3Ggu9eKFPIgjtA","text":"Best seafood in the area!","date":"2014-03-28 23:53:15","compliment_count":0}
{"user_id":"40gJO39JTmk5sYP3Clifbg","business_id":"_jcvEAM75TohIesGW6iLWw","text":"The best bakery in the Ardmore area.","date":"2016-07-31 12:57:37","compliment_count":0}
{"user_id":"ALNUwFXAHXmFeQ9V2gCTfA","business_id":"wWoX5l58K8YTokEWRcFstw","text":"Never have a bad experience here. Fast, friendly and accurate.","date":"2013-08-24 00:34:35","compliment_count":0}
{"user_id":"kgCp_FX8BVID_zlkF-JQog","business_id":"2KIDQyTh-HzLxOUEDqtDBg","text":"Amazing! Great coffee and cakes... So many options. I true Italian experience! Deff a must try!","date":"2013-02-06 21:05:34","compliment_count":0}
{"user_id":"NPVBG1EIwDpRS26qbvWRHg","business_id":"9C_aBq9VqoRF94N1TwjnQQ","text":"got $50 in Kohl's cash--I'm rich beotch!","date":"2011-10-22 21:09:59","compliment_count":0}
{"user_id":"Nxr5C4m0edwetAeRUacP6A","business_id":"NhQYQXzaNQLRD_1koidAPA","text":"Our Place is now open 24 hours continuous!","date":"2017-03-10 19:49:09","compliment_count":0}
{"user_id":"0jG8jIMK_61QovBdCiA_2Q","business_id":"9A5Gw0At6so0x-vWM0_JZw","text":"My favorite!!!","date":"2017-03-26 14:53:47","compliment_count":0}
{"user_id":"8M4_nA8e9VacrirvCwrl8Q","business_id":"11zDCUJyST50gMR4xVeAhg","text":"Pretty much the same menu as SK Noodle. West Lake beef soup as an appetizer is new.","date":"2016-05-24 20:36:23","compliment_count":0}
{"user_id":"PLOYtrCMUFPHQe2IbYAd5g","business_id":"ga3gRASr7Jc_WK--EtsjKg","text":"There is a big sign here that says \"Eat More Chili\" - seems like bad advice for people who will boarding a plane soon","date":"2015-09-29 16:09:19","compliment_count":0}
{"user_id":"-eqBL3ThJ75YoJ8cvcRSaw","business_id":"lkC8Y4BVss1kk_qIzUunQQ","text":"Ask about their classes!","date":"2014-06-07 21:03:04","compliment_count":0}
{"user_id":"nu3E6U3cWcvk9vEBplErog","business_id":"2sxydsoJhSPTsfcF0wIVqg","text":"Ashley is the waitress to have! If you're lucky enough to be there when she is working so to sit in her section. She's the best!","date":"2017-06-14 15:43:06","compliment_count":0}
{"user_id":"bAHWrD26yuPuD16c5mRp2Q","business_id":"pNu5bd9aL3jcJClfdQ86MQ","text":"The food is good. That's the only positive thing I can say a the dining experience was not pleasant.   We had a reservation and were seated on time but we had to make two trips to the hostess stand and wait twenty minutes before we a server came with water.   We waited another twenty minutes before our appetizer came.   We ordered an eggplant spread that could've been brought put much sooner which would have been a nice effort towards service recovery. \n\nLife is too short to waste it at Momos.","date":"2013-06-16 03:24:49","compliment_count":0}
{"user_id":"JnSlKs__M6IL_r_yet1_9g","business_id":"Bxmhm659VqrQYHc0hiku5w","text":"Love there pizza!!!!!","date":"2016-12-18 19:23:09","compliment_count":0}
{"user_id":"jpx_StWgnkrTwC_eIVAaPQ","business_id":"sbAzxoahA_cu6UfRjL8VZQ","text":"Don't feel like cooking? Try a turkey!","date":"2012-10-09 23:31:26","compliment_count":0}
{"user_id":"VTHNbsEN_tmd7_--2Wv6LQ","business_id":"Y-JwO5yETnBEAXchodyMhw","text":"Fantastic coffee and tea selection.","date":"2013-06-30 17:07:37","compliment_count":0}
{"user_id":"wM7G2F5HKi62yvO-HM51zQ","business_id":"v4S374WpOOhojqpto-AaAA","text":"Egg nog creme caramel \"flan\" with sugar cranberries, pistachios, & nutmeg = one of he best desserts I've EVER had! - And I love dessert :-) :-)","date":"2016-12-15 04:42:44","compliment_count":0}
{"user_id":"9P9udGjQeF1TBhCCcBHTIQ","business_id":"47OfnYwhB3NTM8Tx_sNnbw","text":"I'm here!!!'  I feel like I'm in San francisco !!! Nice modern Restrant let's see taste!!","date":"2012-05-18 02:48:20","compliment_count":0}
{"user_id":"IcTmfxippgNv3H2qXVF76Q","business_id":"ReV4Q3rEJ8neicQPc6pC0w","text":"Nice cocktails, nice food, nice location!","date":"2018-03-29 03:03:51","compliment_count":0}
{"user_id":"8WWtZ-EEKBWiElYEZLaOmA","business_id":"EIeDtIG5WoD9Fv2ppF3Y-A","text":"Turkey club gyro with pasta salad. The bacon and pesto mayo combination is remarkable.","date":"2013-03-02 19:39:23","compliment_count":0}
{"user_id":"qKeKeKb2PorJ9P3E41Z42A","business_id":"eQa7PB6VhomV_DTjCw1B9A","text":"Quality Coffee! A local Starbucks alternative","date":"2013-03-04 13:02:48","compliment_count":0}
{"user_id":"CHeMEder5ijEoCPLWjto_Q","business_id":"8kUh6TROemLfbVR_ewVVLg","text":"Well today I started with the shrimp and chicken shrimp rolls, they were great specialy the peanut sauce...them I moved to the soup.","date":"2011-12-29 01:48:50","compliment_count":0}
{"user_id":"Um5bfs5DH6eizgjH3xZsvg","business_id":"Dv1SSVUWj1qmvAaSuRiCdg","text":"Best brunch in the Clearwater area. Come and catch some of the best female illusionists in the area. Don't forget to tip!!","date":"2014-03-14 16:57:19","compliment_count":0}
{"user_id":"5Y5KbsI5buMcNh2hTFaRpA","business_id":"S2n_06z4lGLZfdJ53XAXQQ","text":"Beautiful spot. Off street meter parking or valet available!","date":"2012-10-11 17:02:21","compliment_count":0}
{"user_id":"GJv1yf_IhUZqpDjFr86DmA","business_id":"ygZF2j3FyHjEhzxsknOJdA","text":"They have Blueberry Stoli! Also, $10 minimum on credit cards.","date":"2011-07-14 04:06:07","compliment_count":0}
{"user_id":"c6BhxIpDx2ac68M_M3Hivg","business_id":"_NsxUap80lyr77Js1cl2cw","text":"A good place for a casual bite, mostly 40+ crowd, somewhat overpriced.","date":"2010-02-02 02:28:11","compliment_count":0}
{"user_id":"gQSMov4ZEXnlyWHNhGi3bA","business_id":"_-otZU2dbPrEZyaVSMmvDg","text":"Great gilato charming courtyard comfy set ng.","date":"2014-06-08 21:34:54","compliment_count":0}
{"user_id":"R_ge--Kz3jRuJ_dQmyTgHg","business_id":"H_hPq97IKbyUJRfORKCzWw","text":"If you fill out their survey after purchase, you can get $10 off your next purchase.","date":"2016-08-05 07:05:14","compliment_count":0}
{"user_id":"kw4SWnWOc6ZE3ytUeytUbA","business_id":"c1796ELgtG7Q6_sfY9t2gA","text":"Kobe beef buger single patty only 10.99!","date":"2011-04-26 23:25:41","compliment_count":0}
{"user_id":"KXX_KFF_TS2cKrg2_2RfSA","business_id":"5Cg_RL5iUDkVIfNkomDuug","text":"Gluten-free bakery!","date":"2012-07-24 20:38:31","compliment_count":0}
{"user_id":"juigu8XxwzLAeikeBzULbg","business_id":"7MgH7P0IYBI7Vq34JZm2Zw","text":"The source for Siggi Icelandic skyr","date":"2012-10-20 02:08:45","compliment_count":0}
{"user_id":"acsgklztOz0MzucAeiTcuw","business_id":"g1ilXJRmG8GPQvm9_-izsw","text":"This business is closed.","date":"2012-10-22 01:53:31","compliment_count":0}
{"user_id":"1bjo-xG3tKF5rQjRx5zW4Q","business_id":"XZRpH6YkgikZDB_z_-z7rw","text":"The richest, most divine fresh heavy cream comes from Tanner's.   With a balloon whisk, I hand-beat this cream into decadent Creme Chantilly in less than two minutes.   Left to his own devices, BAE would consume this whipped cream by the bowlful.","date":"2015-12-30 22:26:49","compliment_count":0}
{"user_id":"oYn4yU4hI8w9vMQkR9bx1w","business_id":"Cb139csZ2NpayGHMZOPTNA","text":"Nelson at the liquor store is great.  Friendly and helpful.","date":"2011-07-27 18:13:23","compliment_count":0}
{"user_id":"Q3Ht1BJCC7z3jvD9J7IuwA","business_id":"L5ka10d-0Al6l95nU8Kf8Q","text":"Lunch specials are great.","date":"2010-02-14 20:32:59","compliment_count":0}
{"user_id":"LVqnhzyoBKV7byAOQDUQUQ","business_id":"K8O71Tb6xcza0g1MU608ag","text":"Went there today and learned that they are renewing their liquor license. I asked when they would be serving alcohol again and the waiter said to call and ask mid August. Just a heads up.","date":"2012-07-30 03:47:50","compliment_count":0}
{"user_id":"J6IDQGRBRudamZmvYR9BUw","business_id":"Bp2AWqJLBJoBjBwh85rDAw","text":"Dude this casino is a rip off.","date":"2014-03-13 19:21:19","compliment_count":0}
{"user_id":"prai-3PY4t4DX7l9R9Ek3Q","business_id":"vN6v8m4DO45Z4pp8yxxF_w","text":"I love to get carrot juice with ginger added- makes you feel alive after a night out!","date":"2017-06-12 00:46:19","compliment_count":0}
{"user_id":"N6wTetIhpPgxnm1aoiil9g","business_id":"cGX-1IUwXOjkUqZbkKYcjw","text":"Great place. Go. Like now. Right now. What are you waiting for? GO ! ! ! NOW!","date":"2014-03-22 00:48:58","compliment_count":0}
{"user_id":"qstlyTHlGnn4aYUc0nO9Cw","business_id":"dUctvEfHQccW_uxtRup2QQ","text":"Sushi took forever to arrive. Food was ok.","date":"2017-03-19 00:43:41","compliment_count":0}
{"user_id":"SBTYIB_aofIjVkNkDx_e3g","business_id":"CWFEuPam8fZyYcjLJRSd-w","text":"Love this place and would say its one of the beat close to home !","date":"2017-03-16 15:53:22","compliment_count":0}
{"user_id":"x17KVncU9HkfXGjMdPXqtQ","business_id":"hkh5iyDeGLNhu-JUQFRE1Q","text":"Royal","date":"2013-02-09 14:24:52","compliment_count":0}
{"user_id":"QD9xhB-261YIQIFI5sRBtQ","business_id":"QWF_PoD4PthsYsq2Tk0GEQ","text":"Amazing food in such a small location.\nAlways hot and fresh.\nDelivery is always quick","date":"2015-12-25 01:04:40","compliment_count":0}
{"user_id":"_glAw6QBmPyw5OLwc2UIIQ","business_id":"S21eEzfi7Nrk8FKfhKEB5A","text":"Friendly staff. Good selection of both ice cream and yogurt.","date":"2016-08-21 01:37:02","compliment_count":0}
{"user_id":"z67oNAZR_uHG84k3Dntckg","business_id":"S8ZFYEgMejpChID8tzKo9A","text":"Gondi","date":"2010-12-23 18:41:09","compliment_count":0}
{"user_id":"o2iirO07Fml8NpmwD0NIDg","business_id":"jziRKhtHxeJPAPWS21jRYw","text":"Lunch with ma work peeps:)","date":"2012-05-25 17:24:00","compliment_count":0}
{"user_id":"IvzBt2wRWu5nMjL23vuh9Q","business_id":"gbHJ5v1TVJxQjzmGxeDpUg","text":"One question... When was the last time the Health Department inspected this place??? Kitchen looked down right filthy!","date":"2015-09-20 00:49:51","compliment_count":0}
{"user_id":"Jh2zvtA-POkxvziWgNPjIw","business_id":"sp9NzknqMGaD1xxQECbDfQ","text":"Very pleasantthe comfortable cha*93rd and ceilhg tv's abovemake for a com#u elaxed experience9 a great amazingly eff*cient g g=eat hours","date":"2016-01-23 03:36:13","compliment_count":0}
{"user_id":"1l-RA6oeyj3MbEQnKlAjSw","business_id":"yRI3Sp1vn5X3g8auuClWlw","text":"Very relaxing, beach view; what more can one ask for ;)","date":"2014-06-28 16:36:19","compliment_count":0}
{"user_id":"8oRlkM2HT9pXFLkdwBzxkw","business_id":"b7V_5q22_eTeHlYzq1bpFw","text":"I had the catfish poboy. The fish was fresh and everything was hot; even though they were closing in less than 30 minutes. Can't wait until I can sample the menu more.","date":"2013-05-30 04:43:05","compliment_count":0}
{"user_id":"sNijCw9zDFGuQVkF7XoO-w","business_id":"q0Q-ohZp8iV9OY-gkNPPwg","text":"Good Italian restaurant with more than just the typical Italian-American fare.","date":"2017-06-25 00:11:45","compliment_count":0}
{"user_id":"NCK5nbNOxDD-730AHYdt1Q","business_id":"WB-eQAgw88fbr15eY761CA","text":"Always ask Spartaco for the evening's specials","date":"2012-10-09 23:10:01","compliment_count":0}
{"user_id":"60RKNAZwY5EUooJf624aKw","business_id":"QJfM8uRNy6KHhj6kIatzmg","text":"True fresh squeezed OJ (and other juices) are available! Delicious!","date":"2015-05-30 15:44:02","compliment_count":0}
{"user_id":"viWkK6--5ChiN3hlZ8XqTg","business_id":"y4wHN6CBd0se-QNwMdSM0A","text":"Coke Zero on tap!","date":"2012-01-04 17:59:38","compliment_count":0}
{"user_id":"alUlVVMx9NtfrvK4xAQy2w","business_id":"C7WUvmGAz_t4FE_ycOPGUA","text":"Try the in house eye of round at the deli. Sliced on the thicker side it makes a killer cold steak sandwich.","date":"2015-09-06 23:00:23","compliment_count":1}
{"user_id":"gWpFGQZwJPlF6GeSv7E3qw","business_id":"XMGNjPd2qo6Lo1mXW8OlGA","text":"Awesome service! \nGreat food.\nDecent value","date":"2013-12-01 15:43:28","compliment_count":0}
{"user_id":"3L38ANdK969R4QpRVoJqtw","business_id":"cp5fYxa66L0tkNGkzQheKg","text":"Hot dog! Best selection in town, home style fries, good fries pickles.  Super friendly people.  Eat here!","date":"2011-10-15 19:12:43","compliment_count":0}
{"user_id":"eTvp_hYnsrI5-ow_sQ31_g","business_id":"X-XEau6W1kS9Zpo3nJmS4w","text":"Gas for $2.27. Inside, samples galore.","date":"2014-03-15 19:46:51","compliment_count":0}
{"user_id":"y34g-mvZ74Qad_B5FQbboQ","business_id":"wl7rFbvRUstwyB2vRDW6IQ","text":"Just enjoy the very best ! Filet","date":"2016-08-10 01:25:42","compliment_count":0}
{"user_id":"792_F-IsbnxQlX-fSvedcA","business_id":"ks8n2yxBb-rYnPT_HsKZeA","text":"Nothing like watching Bollywood movies with lunch!","date":"2014-09-24 17:21:49","compliment_count":0}
{"user_id":"gcgeV3iJ-Wjebh3ywapfeg","business_id":"krQnLL-V7I__Bhm_xyJaWg","text":"now open","date":"2014-09-06 18:22:58","compliment_count":0}
{"user_id":"RI9MqHrVqzZ0AgSXlGvx5A","business_id":"7ysGqp5Wq1X51QVoPd8J3w","text":"This is going to be my new favorite nail spa.","date":"2015-09-15 18:40:38","compliment_count":0}
{"user_id":"4Sd5045-iejXFt89mevfcw","business_id":"QHWYlmVbLC3K6eglWoHVvA","text":"Great food, large servings, good service!  The Bacon appetizer was da BOMB!!  We went on our first date and the staff seemed to have picked up on that, they allowed us to sit and talk for a while after they locked up!  We keep going back and are never disappointed.","date":"2014-03-14 12:10:11","compliment_count":0}
{"user_id":"pz4_nkRR-WOHb3L-_FJn9Q","business_id":"_ab50qdWOk0DdB6XOrBitw","text":"As a solitary diner I got to bypass the 250 people on sidewalk waiting for tables.  Miss my wife though!","date":"2012-03-14 01:37:13","compliment_count":0}
{"user_id":"lEAs-y7lOJyvXz7QKrzjMg","business_id":"UOiqYBdIPRrMm-lnEbbjBg","text":"1st time here - seems like a cool place to hang have a cup of your favorite drink!","date":"2011-05-14 16:27:31","compliment_count":0}
{"user_id":"TWDHHv7fZZvD78dGwNz2UQ","business_id":"5xokROlB8Zo5T-_qbHzsrQ","text":"The best cup of coffee in Tampa","date":"2013-12-19 02:32:05","compliment_count":0}
{"user_id":"2M5nrxf_CBlu-y0lKoqGhQ","business_id":"5ue5s7yFGjQ_CjeVGGhPFg","text":"https:\/\/www.instagram.com\/p\/BBWiXEtCtcw\/","date":"2016-02-09 14:22:11","compliment_count":0}
{"user_id":"W3KWY_RhPQOw-SoiWXbuKA","business_id":"iJTEN4bk3VJV-evvrxx_HA","text":"5 exceptional courses at Big Fork for New Year's....yay!","date":"2011-01-01 03:19:53","compliment_count":0}
{"user_id":"UMC2dKiLVhfGSvHX8QQeOg","business_id":"Sdial8c9KUdPRfE-2z2qHA","text":"16 dollar per person walk weekdays","date":"2012-03-14 23:40:57","compliment_count":0}
{"user_id":"KAzW8R2T9IATfCg4g98RKg","business_id":"NnlXgLZ93KPj1wYSiqjyIg","text":"great basic menu choice cooked to perfection. the mushroom chops are awesome","date":"2014-06-14 18:07:41","compliment_count":0}
{"user_id":"k9Mvnw4aglONCaS5cBKQnw","business_id":"X549OE6CAB7v9bB_BuaTDA","text":"Chicago dogs!","date":"2011-07-19 21:54:11","compliment_count":0}
{"user_id":"KcNnkLL0OuFmEbwA3ZEHUg","business_id":"zbaBwAo-UGWZPTvbJVV9Iw","text":"For the money not a bad choice.","date":"2012-05-20 17:49:13","compliment_count":0}
{"user_id":"G0Mu95b3NXx3EO7gw6B1Zw","business_id":"8FALz8g6oaTca0ufiUuF6w","text":"Great specials during the game! :) wings are in my future....","date":"2011-10-01 20:48:09","compliment_count":0}
{"user_id":"kGJg_kMhn1RjgqIJPJr_VA","business_id":"7UnMu-eR7pBpG05wfrhXvw","text":"Free admission on Sundays for Louisiana residents.","date":"2017-06-17 11:39:14","compliment_count":0}
{"user_id":"5ElcsWZ6ZvESnHclkLwKAQ","business_id":"MxbdVt4x3F1OCZA93PKdiw","text":"Good food, really loud hard to carry on a conversation.","date":"2016-04-22 02:36:20","compliment_count":0}
{"user_id":"ltKkkVz-iLL-KiSEG3TsKA","business_id":"WDOjluN4QeTnjt4E6DmIYQ","text":"And TAMALES !!!! The most amazingingly awesome tamales ! $8 for 6 and yum !!","date":"2017-07-01 16:24:11","compliment_count":0}
{"user_id":"sUzgjFFqfh-exTWgpguzyg","business_id":"d-5kMts7CzenaPgDzesQDg","text":"I love delivery","date":"2013-12-30 18:19:38","compliment_count":0}
{"user_id":"tslp3KJf3tATFHJnFzeyVA","business_id":"UakVMT3xrpbFB2pHdxPjnw","text":"This is the undisputed breakfast champion on Dunedin. How is it that gay restaurants are so good.","date":"2012-10-13 14:02:43","compliment_count":1}
{"user_id":"eEGxmkFixxgEgmvJxx5kyA","business_id":"Hh-lUvqYOnf7E6-fqAKzNA","text":"I ate Here Friday with a friend an its so good! Monday threw Friday 2 to 5:00 half off appetizers.They are really good.I had the Pho Tai an Cold spring rolls they were amazing,So delicious.Then I was full but greedy I got a Vietnamese poor boy to go but, wanted to taste it an it was so good ended up eating half of it. I felt bad for being greedy but it was really delicious very tasty!!!! I live on the Westbank but don't mind traveling for so good authentic Vietnamese food!!!!!","date":"2017-09-26 22:39:32","compliment_count":0}
{"user_id":"5O3VvfDu_HDvgUviAqmTEA","business_id":"f-xTgL53Bd_zPsDTn1_37g","text":"Matinee shows before 4pm are only $12.50 per ticket.","date":"2013-02-10 21:23:29","compliment_count":0}
{"user_id":"r4NVmZeL9UwaISRQYKMv0Q","business_id":"SBtjW_pKw3XaOKtKAavWZg","text":"Everything came out so hot & fresh! Get the corn","date":"2016-04-24 18:59:14","compliment_count":0}
{"user_id":"Tryp2o9m1-kP-chA7uy7vA","business_id":"HE-9l_2RSingLV2RZItdsA","text":"scones are to die for, as are the snickerdoodles. yum!","date":"2010-07-01 05:43:42","compliment_count":0}
{"user_id":"GcQS60ccz-9gT4PPo18KEA","business_id":"hsR9mCzuR5kkRHbLR0WQ3A","text":"Look for the specials in the board.  They have a good selection of healthy and \"bad\" (which are so yummy) breakfasts.  Great place and friendly staff.","date":"2012-07-27 16:46:45","compliment_count":0}
{"user_id":"HjCfLjX6pbL-RSVuxRnHGA","business_id":"sy3b54npch8_WwxH3HWBNA","text":"If you have fibromyalgia, ask for Kevyn","date":"2017-06-14 00:58:14","compliment_count":0}
{"user_id":"-G7Zkl1wIWBBmD0KRy_sCw","business_id":"FbgyitdvzZjn9auo5ZiyBg","text":"On the high end for Chinese-American take out, but not to be mistaken for authentic Middle Kingdom cuisine.","date":"2015-06-16 17:03:14","compliment_count":0}
{"user_id":"cPT-E02ZVvzevldYI-vrAg","business_id":"mAgjr6kjRqCFk8JWPvobuw","text":"Closed or very limited hours","date":"2011-01-15 23:14:06","compliment_count":0}
{"user_id":"rvXcdYLO5H-h2VYEVgmdSQ","business_id":"yYr6etwcJPbJCXVc2FvOIg","text":"Omg so good!!","date":"2015-09-05 22:43:21","compliment_count":0}
{"user_id":"Pn7s9X79AVQHtDctJPlGpw","business_id":"bSDJgG7LlRQNRG3ILIXgpA","text":"Valet or self park in attached garage","date":"2014-06-04 12:46:58","compliment_count":0}
{"user_id":"xXmtvRLU_Qpz0FT09mXGgQ","business_id":"mmIF5p4HqyrKSs805mm1lA","text":"Love this store but has TERRIBLE parking, much like most of the businesses in Green Hills.","date":"2012-03-18 19:55:33","compliment_count":0}
{"user_id":"8k3BONft2_Xa01Aa0mDgiA","business_id":"ChMvzo7WYSZzxlwGMS7CFA","text":"Call in lunch take out order ahead of time. I saw people picking up orders & they were in & out while others waited (= more time for break)!","date":"2011-04-08 04:54:31","compliment_count":0}
{"user_id":"ZH3PVSJ9OFcps-MXsJu09w","business_id":"MGiPQ9qyfrwQqjz889v9eA","text":"The new Crispy Parmasan Shrimp is delicious!!","date":"2012-07-22 20:10:49","compliment_count":0}
{"user_id":"RLhz2U4_xL-O7ShZYOmB6A","business_id":"M2ZrrqseHE5xssUrOL0Gtg","text":"Dog friendly! They can be with you on the porch. Parking -- be nice to your fellow driver; it can get crowded in the lot on weekends.","date":"2015-05-24 22:13:44","compliment_count":0}
{"user_id":"1bjo-xG3tKF5rQjRx5zW4Q","business_id":"CsZJYRcHFzkhqGBBnoIKaA","text":"Lovely locally-grown strawberries.  If you can't get to a farmers' market, an excellent option is to come here.","date":"2015-06-02 13:44:56","compliment_count":0}
{"user_id":"ehWX7Xc4UH_q9jPnPO3aUA","business_id":"TYURMcdjX8f0QcIkbEK2IQ","text":"Here for 'Our Class'","date":"2011-10-29 17:53:25","compliment_count":0}
{"user_id":"4WyiSpTLhvTm0YyicbHoMA","business_id":"HKweD7jQQpZgc6NaoltH2Q","text":"Miss this little place. My type of place :)","date":"2011-07-14 00:53:35","compliment_count":0}
{"user_id":"bYENop4BuQepBjM1-BI3fA","business_id":"79nXYNRPoZBc9_y_OLZg2w","text":"Purse Hooks Under the Bar","date":"2016-05-25 18:51:50","compliment_count":1}
{"user_id":"ET1EHTjE-pSO6mvn2cngoQ","business_id":"10Bq-D7cUzwvY5pUJPWhmw","text":"Bruschetta pizza. No words more need to be expressed.","date":"2017-09-28 05:56:52","compliment_count":0}
{"user_id":"6s5whJLSvZFIF0Am4RyjUg","business_id":"5oX4G1cptixPZecih9L3dg","text":"The lunch Shredder Bowls are very tasty (and healthy)","date":"2013-12-16 18:31:10","compliment_count":0}
{"user_id":"xNuunm-8T2F513gkU2iA3A","business_id":"4KH6DlFi25Fx1-hlSF7ViA","text":"I love the filet sliders!","date":"2012-07-22 20:52:13","compliment_count":0}
{"user_id":"-G7Zkl1wIWBBmD0KRy_sCw","business_id":"PpUFhDowFZ1g4T0uue0jEw","text":"Just had my annual inspection. Burns is still in Newtown, Bucks County.","date":"2013-06-21 18:04:17","compliment_count":0}
{"user_id":"BFuqLRBv-bzHJSlYhdpfTg","business_id":"qi5fp0cqfWsQvIo7Yi8eCw","text":"More variety than you could ever ask for! All materials & products as well ... Helpful service!","date":"2010-04-02 15:05:40","compliment_count":0}
{"user_id":"IWxNILja-WvurTuJWJ4skA","business_id":"SYcdJP123caYVCkZ27BIOw","text":"They have stepped up their game. Many more choices now including pho.  Much better than 6 months ago.","date":"2013-02-15 19:00:27","compliment_count":0}
{"user_id":"0nqmqcSjXwwMlXDbXjt7Iw","business_id":"sophKEDc2rBDe-cuOaJDkA","text":"Great spot!","date":"2017-09-26 20:31:41","compliment_count":0}
{"user_id":"Cey5M9DtlM4A_O1t-aAR0Q","business_id":"nKF_qEGHagJzp4xSPrh7CA","text":"Soup & salad combo Thai style, I'd suggest Tom Yum soup and fresh spring roll. Delicious.","date":"2011-07-20 00:43:09","compliment_count":0}
{"user_id":"ZaDO7VuGWhNFd52aWmZovQ","business_id":"aF7RIFJwdjv21eVYgMqJFw","text":"Overpriced. IMHO.  Sides ain't all that.","date":"2011-12-29 17:32:21","compliment_count":0}
{"user_id":"XMYMTnxCi1xifxXKcVRkAg","business_id":"ttf_uOUNmuVIU-tlqabrIA","text":"Strawberry lean smoothie a nice way to start the day.","date":"2013-06-01 10:40:43","compliment_count":0}
{"user_id":"WCN5fiJ34_pWq0cv23I_ag","business_id":"74XfBwMSAUyhsofuvAZQ_w","text":"Complimentary BBQ chips today!  What a nice surprise!","date":"2011-07-21 16:16:55","compliment_count":0}
{"user_id":"BUeqfrO3j65uzd9RxC6gbw","business_id":"IkqY0OoSd7y3H5soBRFCVA","text":"They took out their booths?!?  Bring back the booths - booths rock!","date":"2015-05-15 17:24:15","compliment_count":0}
{"user_id":"qGG2W5hGJ-H39Kt5T_daHw","business_id":"XmpbEmS7PRdg5sIbGpjt7g","text":"Where else do you go before the MUNY. Classic St Louis in the summer Watch for the free shuttles to and from the theater.","date":"2014-07-02 22:52:57","compliment_count":0}
{"user_id":"8M4_nA8e9VacrirvCwrl8Q","business_id":"1TJiHekuN26Y2W7n28olYA","text":"Slow service. I'm not sure it was worth it to eat here today","date":"2011-08-11 22:45:40","compliment_count":0}
{"user_id":"rsjwUTC-vkALMqCaQoA96w","business_id":"aROhaLh-dqtt-h6BG-gn2w","text":"Ordered the Katrina and it was sooooo good. Love this place!!","date":"2015-06-08 05:54:17","compliment_count":0}
{"user_id":"kN3s21umHvmrNzuFVEiE-Q","business_id":"tqa0D_nJZ-zmbc6r7wlV7A","text":"Wings were pretty good.  Cheeseburger was average.","date":"2014-01-28 21:40:25","compliment_count":0}
{"user_id":"B2O0do2Yh9Br2drarZAeDQ","business_id":"U538QRB4bTY2V4rwXRT9ug","text":"Salad!!!! Come to Mama!!","date":"2012-06-07 18:41:31","compliment_count":0}
{"user_id":"qYf08Xx2LlBmCF6uzcj5zw","business_id":"THJ0i8yRyx1OfvzLsJXgng","text":"Cajun corn fritters!!!","date":"2011-11-05 03:29:23","compliment_count":0}
{"user_id":"AHRrG3T1gJpHvtpZ-K0G_g","business_id":"aIHK5vqew7X2T3fDC57D3w","text":"Great view of the river from VIP section!","date":"2013-05-30 23:10:46","compliment_count":0}
{"user_id":"4kVVUp5yxMohjW0s_wBKzg","business_id":"8yR12PNSMo6FBYx1u5KPlw","text":"If you're looking to save some cash, split a burger with a friend (theyre huge) or order the $4 burger snack. They will dress it like any of their signature burgers!","date":"2015-02-16 18:37:35","compliment_count":0}
{"user_id":"BXJJXru168_J_zSGWIG_jA","business_id":"SjpcAtkrsnrDfELgMNrAgQ","text":"Love this place. Great rueben palm on tap cant be better","date":"2016-01-01 22:08:55","compliment_count":0}
{"user_id":"fCvMnJU1Z-XhAjKg99wK3Q","business_id":"4Bhue2HOSheK-vxN_W6VzQ","text":"Sister restaurant to the Malvern, PA location.","date":"2018-03-15 23:51:05","compliment_count":0}
{"user_id":"WDX_KkxwI8VYOF3RHpNLpA","business_id":"WG_mj7cMKqDezVJNzl5mhg","text":"Has a small section of cooked, hot & ready to eat items near their bakery.","date":"2017-03-21 20:11:08","compliment_count":0}
{"user_id":"tQ6HM9ldSsYbuPugPUr-gw","business_id":"hPAmGKnDqummngSTOJN_8g","text":"Great park but so many dogs watch your step its everywhere. So many kids play xbox but need fresh air so do them a favor and have a family day with no electronics.","date":"2013-12-06 12:43:41","compliment_count":0}
{"user_id":"njcXFGqIuSp-_joP42MhxA","business_id":"NT5S6JV5wPwKOd3s3Yh1zQ","text":"Open today!","date":"2011-01-10 18:46:00","compliment_count":0}
{"user_id":"8LOd0paLBShL3d5MKmheFA","business_id":"-J0tPzkwPnyulSBE_s863Q","text":"Mojo pork sandwich is AMAZING!","date":"2016-05-07 03:54:42","compliment_count":0}
{"user_id":"tTJqDSKnjiearIYKni1NTw","business_id":"3EJr6A23wLRPlekclGwHlA","text":"Deliciousness!!  Closest thing to In-N-Out Burgers you'll find around here.","date":"2015-05-17 23:58:44","compliment_count":0}
{"user_id":"FewOog095KFPHUNVxCIncQ","business_id":"9TQqQSuqu2x-3LZR8ChWmA","text":"Scans and copies","date":"2013-12-19 21:51:50","compliment_count":0}
{"user_id":"iJzj7z26Oqb3x2j7ZYkviw","business_id":"WTPTuGK40bJc5H0UTMTWuw","text":"Best sandwiches in town.  Try the Stan the Man","date":"2012-06-09 16:03:17","compliment_count":0}
{"user_id":"x7UU1bdc2INFrZFwp6yOPw","business_id":"zf9_8CskW6Vzakg6V78S0g","text":"Spicy Rice Soup and Ginger Salad that accompanies some of the Hibachi dinners is excellent.","date":"2013-08-26 01:16:33","compliment_count":0}
{"user_id":"sppG3hwAzwwutTy6vcp4Rw","business_id":"IAiBDzIqD3ozKo-EhnPIaQ","text":"Finally about to see Avengers in 3D!","date":"2012-05-27 22:38:13","compliment_count":0}
{"user_id":"RxalEVqRSD9kFIPQxRWzAw","business_id":"CVmzqrekI1iYHio8pTyTpA","text":"Must try the Habanero Tomato w\/ Goat Cheese & Green Onion Soup!!! So freakin good!!","date":"2012-08-06 18:24:42","compliment_count":0}
{"user_id":"54XGIJbMSzRKAKjU5uVk-Q","business_id":"TqgsB91kKWjU4aKGR4GCgQ","text":"Great menu and low prices","date":"2014-08-24 00:04:33","compliment_count":0}
{"user_id":"a2BZP3YiYPE9XnC-g7UJUQ","business_id":"SRi09Oz23ob1LGDudhUoQQ","text":"Save yourself a trip downtown: they have Italian loaves of bread from the Hill as well as World Fair donuts!","date":"2015-09-07 15:41:16","compliment_count":0}
{"user_id":"4wcxoeKuYzmbTypuq1bmeg","business_id":"muxda1cSVtplETqTfYVgZA","text":"Check in here for a free ice cream scoop.","date":"2012-10-24 01:24:08","compliment_count":0}
{"user_id":"3L38ANdK969R4QpRVoJqtw","business_id":"wUZXm4KN2wIqlfkvXVZXUw","text":"Cuban! Best expresso in town, plus incredible varietals of beans for regular coffee. Brew options are unique. Park behind off Hermitage Av.","date":"2012-10-06 17:30:30","compliment_count":0}
{"user_id":"Ye-9S8f2dt41UBfy4lXffA","business_id":"VgTkfTRzZHAoc1uFMjcVcw","text":"Sit at the bar with Candace, who is super nice, makes great drinks & is knowledgeable about the menu too!","date":"2011-07-24 01:41:46","compliment_count":0}
{"user_id":"HrwFKvIs8RsnyCeWjv4SeQ","business_id":"oJ0fQBhVFeWcNjOQv2b6KQ","text":"Fried dumplings!","date":"2011-10-01 22:54:43","compliment_count":0}
{"user_id":"OrxBeVji6jGbbqGwUOiBbg","business_id":"j-qtdD55OLfSqfsWuQTDJg","text":"Vodka gimlets: impressed that they asked whether we Rose's or fresh lime","date":"2010-04-09 23:24:42","compliment_count":0}
{"user_id":"KHDuc3dFLvpNgpu4z0sf-w","business_id":"FSTmzo0beEVMRMSArcp4fg","text":"The 20% show us your scrub offer is not valid.","date":"2016-01-24 23:55:35","compliment_count":0}
{"user_id":"OIl_ZSc0rDE8iphiAjS-xQ","business_id":"gjI_m3qa5WkYzKKXapYETw","text":"Lovely staff.....byob!","date":"2012-01-07 01:28:07","compliment_count":0}
{"user_id":"kA7sIBVKgWXVwWbpXsUHQg","business_id":"HkrsfVZxYoT2avLV6LuHjw","text":"Ask for Mai","date":"2013-08-17 14:20:28","compliment_count":0}
{"user_id":"cC6SFv7Azj17bpqr9lfcUw","business_id":"iCCSlTTZTzhpmhBO79CoYA","text":"Great service. AMAZING burgers.","date":"2016-04-22 22:44:17","compliment_count":0}
{"user_id":"IFhqsrhESIC66b3ICfV0vw","business_id":"zXvjFr3lftIlkuFNlY4PRw","text":"Sundays in the summer are nice, relaxed, and Comfortable at this Starbucks","date":"2013-05-19 21:49:44","compliment_count":0}
{"user_id":"bYENop4BuQepBjM1-BI3fA","business_id":"TDmcgUZFHC5EECpSxqfgkQ","text":"Great beer selection.","date":"2010-12-20 21:22:24","compliment_count":0}
{"user_id":"263B5Ix978sEVgY6yiIr8Q","business_id":"bVwshpRymmsAGlmXTj-bGA","text":"So just had take out again...I had the Dry Pepper Chicken AGAIN and it was just as delicious as the first time!!! My wife had the Penang Seafood Fried Rice which was out of this world!!! Love this place!!!!!","date":"2016-11-25 22:41:22","compliment_count":0}
{"user_id":"G2Fz49ZmyGAp6Zu9tFdVXg","business_id":"8NyDM-FDoWEEeEG9XUwnbg","text":"No tips required","date":"2010-01-30 16:17:48","compliment_count":0}
{"user_id":"KXCQGyusfBTyUClLewNBjg","business_id":"-rCB_kCW-u84S-CQir-lng","text":"They are now OPEN on Mondays!  Yay!!!","date":"2016-11-14 19:22:09","compliment_count":0}
{"user_id":"kkPgJv6KBFN15caG7NYYlg","business_id":"HSpOc3IrbXtEP3I18phh-w","text":"The blueberry tea here is well worth the price! Very delicious.","date":"2015-05-29 06:52:00","compliment_count":0}
{"user_id":"wjko_JEkgwydWiT-aIjKIg","business_id":"jULIPydhMj18KOI5OHTwfA","text":"The fried shrimp tacos are so yummy!!! Fast service and cold beer!","date":"2017-08-20 18:13:47","compliment_count":0}
{"user_id":"mZDwjC-nELDtkdSJIGncdg","business_id":"p4vcnjLDLO_TLWn7zoYEVg","text":"RIBS","date":"2015-06-01 01:09:56","compliment_count":0}
{"user_id":"whVBG15atrusyXRvDDp7_Q","business_id":"8pOWoH05RXdYvxbXgzqL6Q","text":"Said it was open... And it wasn't at 7 on a Monday","date":"2016-08-01 23:20:44","compliment_count":0}
{"user_id":"z0T-SayZjhPimIKIQtM-8g","business_id":"pDOmFcUzaCzh2ETvx6z4BQ","text":"WAFFLES with strawberries!!! yay","date":"2010-07-01 15:07:11","compliment_count":0}
{"user_id":"z7_QpeQKsPL-8LUuHKW7rw","business_id":"v8IbZ6wcvdyGqWpbDKDvfA","text":"Love the concept and the food.  F.U.N.!  Definitely returning!","date":"2016-01-02 16:57:10","compliment_count":0}
{"user_id":"r-4zmrheIIo-4rrKP2B_Ow","business_id":"gIK65LSNWO7BP7AKIbs-JA","text":"Do yourself a favour & have your sandwich on the sunflower bread! P.S. be prepared for it to be lined up out the door @ lunch.","date":"2013-05-16 18:00:30","compliment_count":0}
{"user_id":"kJIJyeFWuvrxFJFtZ4ET2Q","business_id":"CDdffMTbchbfgutMBAZrdw","text":"This place is a very good place to eat, drink and be merry! They have a pretty good selection of whiskey, especially for the area. The food is very good and the prices are pretty good.","date":"2013-02-14 19:05:03","compliment_count":0}
{"user_id":"7Z3QZnc9CFRH_bPRGN-Oiw","business_id":"QdER5KjucCVtOXdU1g7kpA","text":"They have Trinidadian pepper sauce!","date":"2012-05-28 20:42:11","compliment_count":0}
{"user_id":"TKhIqy7LgMYSwE2mah7lGA","business_id":"TFy1mR2ip4QTdKFq9JfV1A","text":"This place is actually open until 10 pm not 9.","date":"2015-05-27 01:09:02","compliment_count":0}
{"user_id":"ecULlcUqzzA2t3uA5pBgDA","business_id":"THSP3XyEjOgqpXcqwJoCyQ","text":"Chinese new year specials now!","date":"2012-01-22 04:08:22","compliment_count":0}
{"user_id":"sM781rnn1Lvh_WzsPnuvPg","business_id":"2HMf3ewAeMaeDsadJuL8DQ","text":"$6.00 for a bottle of Miller Lite!","date":"2012-04-16 22:34:15","compliment_count":0}
{"user_id":"lvrLf7yb4QD9JIKdIXaFTQ","business_id":"Grm5MjbqWVQhHlzmgZci6w","text":"Located right next to Meijer.","date":"2015-01-27 19:30:06","compliment_count":0}
{"user_id":"g5goCz8ijIiicgVGUQ7t3g","business_id":"miuCbpDx1YphwfHwgaYoPA","text":"Veal Marsala was very good, but the Risotto (shrimp, pancetta, fennel, and mushrooms) was INCREDIBLE.","date":"2014-01-04 00:53:24","compliment_count":0}
{"user_id":"fSR8LJJ0Aa3w8HoaGyXYCA","business_id":"-kGUmgyeYcNDcuEr4FoVeA","text":"Yummy vegan pizza.","date":"2013-08-17 00:44:21","compliment_count":0}
{"user_id":"KXX_KFF_TS2cKrg2_2RfSA","business_id":"vh6YOciEM3M4zi2FGp-b5Q","text":"They're really rockin' the 80s new wave right now!","date":"2014-09-10 23:03:27","compliment_count":0}
{"user_id":"wM7G2F5HKi62yvO-HM51zQ","business_id":"aM3gFY8Eq2KJuvNBlGPJEA","text":"OMG! the band they have here today (12\/27 @ 2pm) is SO LOUD! My ears are still ringing & they stopped playing like 5 minutes ago! Crazy! :-\/","date":"2013-12-27 20:08:06","compliment_count":0}
{"user_id":"EhoM-dr2R3KwwUB0pHh_qQ","business_id":"CQgupIpIbkyiVLUEcMIRCA","text":"Have a donut (or two) and enjoy a scoop of Bassett's ice cream (in the same store)","date":"2017-07-01 15:08:50","compliment_count":0}
{"user_id":"4MkXWIup5bxUOn9prdtDEQ","business_id":"T_HJvjWYGBtZWmRPzNJeBw","text":"Go to this bar and have Sarah take care of you she is wonderful, skip the lobby bar Courtney and the crew are not outgoing and they ignore you.","date":"2012-07-27 23:20:17","compliment_count":0}
{"user_id":"XTraoWA-NVwt2KLd8rdfOg","business_id":"nn5tvvgFtnoyCocACvXmJQ","text":"Amazing Brunch!!!","date":"2010-12-05 19:31:47","compliment_count":0}
{"user_id":"Lt6lTTeawQInm5k1atTumA","business_id":"YCFt3jhEJIHaXaKDOi8fYg","text":"In a hurry? This is not your post office. Every time I come here, there is at least a 20 min wait","date":"2013-02-20 19:20:28","compliment_count":0}
{"user_id":"k9Mvnw4aglONCaS5cBKQnw","business_id":"SyfxVPzO-ttAUxJKAfi8vQ","text":"Open knit night!","date":"2011-05-12 22:44:23","compliment_count":0}
{"user_id":"VL12EhEdT4OWqGq0nIqkzw","business_id":"M4Y-JXjceA5lDMg90wCo4A","text":"Ask for Dee. Dude is an all-star.","date":"2017-11-17 23:36:12","compliment_count":0}
{"user_id":"lVlb5R_bjelkWi1N5YWUIg","business_id":"ERuy9x26QrzqVwP1oFSObQ","text":"Perhaps the best rice and beans in town. The beans come in an edible chip cup like at Los Agaves, but are much richer and tastier. Try eating the cup with the beans!","date":"2015-10-12 04:09:35","compliment_count":0}
{"user_id":"3e613yg9WsOZHWs562jXjA","business_id":"0dnFshXDUsRTjb8G_D-hRQ","text":"This was the funniest oil change I have had :) thanks champ & Rico!","date":"2015-09-25 20:38:13","compliment_count":0}
{"user_id":"n_DKVgXLlNPXJ3D9dxngvQ","business_id":"ol6ATB97MdIuhm6yAGOeMQ","text":"Go for the matcha!","date":"2013-12-01 20:30:04","compliment_count":0}
{"user_id":"5S1chXV6YXXcvBXF1oRoNA","business_id":"dPpHumLoB1GJQh0vpN3tNg","text":"They checked out a used car I was looking at for free. ","date":"2009-08-10 12:16:27","compliment_count":0}
{"user_id":"GJv1yf_IhUZqpDjFr86DmA","business_id":"O7adYE4pVfqY02Lh6ywEpA","text":"Yay! They have a check in offer!","date":"2011-07-28 00:13:01","compliment_count":0}